name,chain_name,branch_name,grabfood_url,grab_rating,grab_votes,cuisine,address,city,grab_promo,detail_scraped,grab_merchant_id
UNIBOWL POKEBOWL BALI - Kerobokan Kelod,UNIBOWL POKEBOWL BALI,Kerobokan Kelod,https://food.grab.com/id/en/restaurant/unibowl-pokebowl-bali-kerobokan-kelod-delivery/6-CZCAT2NYKETALT,4.8,5142,"['Masakan Bali', 'Mangkok Poke', 'Jus Segar']","Jl. Bumbak No. 17 (Sebelah kanan Apotek Bumbak Medika), Kerobokan, Kerobokan Kelod, Kuta Utara, Badung, Bali 80361, Badung, 80361",Bali,Diskon Rp30.000; Diskon 50%; Diskon Rp20.000; Diskon Rp25.000; Diskon Rp10.000,True,6-CZCAT2NYKETALT
STUFFED - Kerobokan,Stuffed,Kerobokan,https://food.grab.com/id/en/restaurant/stuffed-kerobokan-delivery/6-C6WZUGDZRF5KJN,4.8,4336,"['Masakan Eropa', 'Kue Kering', 'Makanan Penutup']","Jl. Bima Sena Gg. Europa (Villa Nicole Kerobokan, Villa Nicole), Kerobokan, Kuta Utara, Badung, 80361",Bali,Diskon Rp30.000; Diskon 50%; Diskon Rp20.000; Diskon Rp10.000; Diskon Rp25.000,True,6-C6WZUGDZRF5KJN
Nostimo Greek Grill - Seminyak,Nostimo Greek Grill,Seminyak,,4.8,4044,"['Masakan Yunani', 'Salad', 'Wrap']","Jl. Petitenget No.17, RT 99 RW 99, Kel. Kerobokan Kelod, Kec. Kuta Utara (Seberang Da Maria), Badung, 80361",Bali,Diskon Rp30.000; Diskon 50%; Diskon Rp25.000; Diskon Rp20.000; Diskon Rp10.000,False,IDGFSTI00000q93
Yeobi Hansik - Ungasan,Yeobi Hansik,Ungasan,https://food.grab.com/id/en/restaurant/yeobi-hansik-ungasan-delivery/6-CZMZG2XZJJ52VX,4.9,3744,"['Masakan Korea', 'Bibimbap', 'Ayam Goreng']","Jl. Raya Uluwatu No. 8a (dekat Bread Basket - Ungasan), Ungasan, Kuta Selatan, Badung, Badung, 80361",Bali,Diskon Rp30.000; Diskon 50%; Diskon Rp25.000; Diskon Rp20.000; Diskon Rp10.000,True,6-CZMZG2XZJJ52VX
Warung Sate Madura Pa' Ayex - Kerobokan Kelod,Warung Sate Madura Pa Ayex,Kerobokan Kelod,,4.6,3378,"['Masakan Madura', 'Sate', 'Sate Ayam', 'Hidangan Domba']","Jl. Tangkuban Perahu (Depan LP Kerobokan), Kerobokan Kelod, Kuta Utara, Badung, Badung, 80361",Bali,Diskon 55%; Diskon 50%; Diskon 45%; Diskon Rp15.000; Diskon pengantaran Rp5.000,False,IDGFSTI000026jq
HoiAn By MeVui - Canggu,HoiAn By MeVui,Canggu,,4.7,2636,"['Masakan Vietnam', 'Banh Mi', 'Pho', 'Sup']","Jl. Padang Lingjong No. 99 RT. 999 / RW. 999, Canggu, Kuta Utara, Badung, Badung, 80361",Bali,Diskon Rp30.000; Diskon 50%; Diskon Rp20.000; Diskon Rp25.000; Diskon Rp10.000,False,6-C26FCZBGJKWTET
The Royal Tandoor Seminyak - Kerobokan Kelod,The Royal Tandoor Seminyak,Kerobokan Kelod,,5,2018,"['Masakan India', 'Nasi Biryani', 'Paneer', 'Kari']","Jl. Raya Kerobokan, Kerobokan Kelod, Kuta Utara, Badung. Indian Wok Dan Grill - Seminyak, 80361",Bali,Diskon Rp8.000; Diskon pengantaran Rp5.000; Diskon pengantaran Rp3.000; Diskon Rp30.000; Diskon 50%,False,6-C8CCCY6JVAKKJ6
Pasta Bar - Tibubeneng,Pasta Bar,Tibubeneng,https://food.grab.com/id/en/restaurant/pasta-bar-tibubeneng-delivery/6-C2CHN32KHEDUAX,4.7,1681,"['Masakan Barat', 'Pasta', 'Pizza']","Jl. Tegal Sari No.3, Tibubeneng, Kuta Utara, Bali, Badung, 80361",Bali,Diskon Rp30.000; Diskon 50%; Diskon 10%; Diskon Rp20.000; Diskon Rp25.000,True,6-C2CHN32KHEDUAX
Il Forno Pizzeria Pizza - Tibubeneng,Il Forno Pizzeria,Tibubeneng,https://food.grab.com/id/en/restaurant/il-forno-pizzeria-pizza-tibubeneng-delivery/6-C4MTVCKKPA33R6,4.6,1621,"['Masakan Barat', 'Pizza', 'Pasta']","Jl. Raya Semat Gg. Jalak XXI, Samping Warung Oemge dan Happy Cell , Canggu, Kuta Utara, Badung, Bali, 80361",Bali,Diskon Rp30.000; Diskon 50%; Diskon Rp25.000; Diskon Rp20.000; Diskon Rp10.000,True,6-C4MTVCKKPA33R6
Taco Beach Grill Mexican Tacos - Kerobokan Kelod,Taco Beach Grill Mexican Tacos,Kerobokan Kelod,https://food.grab.com/id/en/restaurant/taco-beach-grill-mexican-tacos-kerobokan-kelod-delivery/6-CY22FE3YALEJHA,3.1,1613,"['Masakan Meksiko', 'Tako', 'Burrito']","Jl. Pengubengan Kauh, No. 8, (Seberang Menik restoran), Kerobokan Kelod, Kuta Utara, Badung, Bali, 80363",Bali,Diskon Rp15.000; Diskon 40%; Diskon 50%; Diskon 30%; Diskon Rp30.000,True,6-CY22FE3YALEJHA
"Healthy Fit (Bowl, Pasta, Salad, Wrap), Bali - Canggu","Healthy Fit (Bowl, Pasta, Salad, Wrap), Bali",Canggu,https://food.grab.com/id/en/restaurant/healthy-fit-bowl-pasta-salad-wrap-bali-canggu-delivery/6-C65ZV62KVNEDPE,4.7,1572,"['Masakan Global', 'Salad', 'Salad Ayam', 'Mangkok Poke']","Jl. Kubu Manyar No. 26 (Lima Spa Canggu), Canggu, Kuta Utara, Badung, Bali, 80363",Bali,Diskon Rp30.000; Diskon Rp25.000; Diskon 50%; Diskon Rp20.000; Diskon Rp10.000,True,6-C65ZV62KVNEDPE
Domino's Pizza - Canggu Bali,Domino's Pizza,Canggu Bali,https://food.grab.com/id/en/restaurant/domino-s-pizza-canggu-bali-delivery/6-C7ETGFJVGPXXEE,4.4,1421,"['Masakan Barat', 'Pizza']","Jl. Pantai Berawa No.150A, Tibubeneng, Kuta Utara, Badung, 80361",Bali,Diskon Rp84.500; Diskon 30%; Diskon 25%; Diskon 20%; Diskon 15%,True,6-C7ETGFJVGPXXEE
Nanasans Tandoori Kitchen - Tibubeneng,Nanasans Tandoori Kitchen,Tibubeneng,https://food.grab.com/id/en/restaurant/nanasans-tandoori-kitchen-tibubeneng-delivery/6-C3DJGCL1BBUCUA,4.7,1373,"['Masakan India', 'Nasi Biryani']","Jl. Raya Canggu No. 10c (Disebelah Citra Mulya Plastik Canggu), Tibubeneng, Kuta Utara, Badung, Badung, 80361",Bali,Diskon Rp30.000; Diskon Rp25.000; Diskon 50%; Diskon Rp20.000; Diskon Rp10.000,True,6-C3DJGCL1BBUCUA
The Butter Beats Indian Restaurant & Bar - Kerobokan Kelod,The Butter Beats Indian Restaurant & Bar,Kerobokan Kelod,https://food.grab.com/id/en/restaurant/the-butter-beats-indian-restaurant-bar-kerobokan-kelod-delivery/6-C4KVTX5KJNTDCN,4.2,1370,"['Masakan India', 'Nasi Biryani', 'Kari']","Jl. Kayu Jati No. 5A (Disebelah Lotus Massage Therapy Seminyak), Kerobokan Kelod, Kuta Utara, Badung, 80361",Bali,Diskon Rp30.000; Diskon Rp25.000; Diskon 50%; Diskon Rp20.000; Diskon Rp10.000,True,6-C4KVTX5KJNTDCN
"Wakey Wakey Smoothie & Poke Bowls, Healthy Food - Ungasan","Wakey Wakey Smoothie & Poke Bowls, Healthy Food",Ungasan,,4.6,1366,"['Masakan Barat', 'Mangkok Poke', 'Mangkok Smoothie', 'Yoghurt Yunani']","Jl. Raya Uluwatu Pecatu, Ungasan, Kuta Selatan, Badung, Bali, 80361",Bali,Diskon Rp30.000; Diskon Rp25.000; Diskon 50%; Diskon Rp20.000; Diskon Rp10.000,False,6-C63BSBL3VTKYT2
WEI TO GO CHINESE - Uluwatu,WEI TO GO CHINESE,Uluwatu,https://food.grab.com/id/en/restaurant/wei-to-go-chinese-uluwatu-delivery/6-C7BFJNEHDFXHPE,4.8,1283,"['Masakan Tionghoa', 'Dim Sum']","Jl. Raya Uluwatu 80-90 (Di Belakang Toko Havaiannas), Ungasan, Kuta Selatan, Badung, 80361",Bali,Diskon Rp30.000; Diskon Rp25.000; Diskon 50%; Diskon Rp20.000; Diskon Rp8.000,True,6-C7BFJNEHDFXHPE
"SANCHEZ MEXICAN - Burritos, tacos, nachos - Kerobokan Kelod",SANCHEZ MEXICAN,"Burritos, tacos, nachos - Kerobokan Kelod",,4.5,1156,"['Masakan Meksiko', 'Tako', 'Burrito']","Jl. Umalas II No. 26  (Sebelah Remix Juice Bali), Kerobokan Kelod, Kuta Utara, Badung, Badung, 80361",Bali,Diskon 40%; Diskon Rp30.000; Diskon Rp25.000; Diskon 50%; Diskon Rp20.000,False,6-C3EUNYLAGF5VEE
Pasta Mafia - Kerobokan Kelod,Pasta Mafia,Kerobokan Kelod,,3.7,1115,"['Masakan Italia', 'Pasta']","Jl. Raya Sunset Road 88 (Depan Lobby Sans Hotel Sunset Point),  Kerobokan Kelod, Kuta Utara, Badung, Bali, 80361",Bali,Diskon Rp15.000; Diskon 40%; Diskon 50%; Diskon 30%; Diskon Rp30.000,False,6-C6EYJ74FVP6WBA
Sate Ayam Ponorogo - Kerobokan Kelod,Sate Ayam Ponorogo,Kerobokan Kelod,https://food.grab.com/id/en/restaurant/sate-ayam-ponorogo-kerobokan-kelod-delivery/6-CZDGNXE2GFNBLN,4.6,1039,['Sate Ayam'],"Jl. Raya Kerobokan No. 888 (Depan Buki Bali), Kerobokan Kelod, Kuta Utara, Badung, Badung, 80361",Bali,Diskon 30%; Diskon Rp30.000; Diskon 40%; Diskon Rp15.000; Diskon 50%,True,6-CZDGNXE2GFNBLN
Lusianas Kitchen - Kerobokan Kelod,Ketoprak Telor Mas Yayan,Kerobokan Kelod,,4.8,1038,"['Masakan Italia', 'Pizza', 'Pasta', 'Salad']","Jalan Taman Sari Pcv, Gg. 9 No.1,Lusiana'S Kitchen, Kerobokan Kelod, Kuta Utara,  Badung, Badung, 80361",Bali,Diskon Rp30.000; Diskon 50%; Diskon Rp25.000; Diskon Rp20.000; Diskon Rp10.000,False,6-C2ECTCKFJ6KVPE
Monday Coffee and Coworking - Ungasan,Monday Coffee and Coworking,Ungasan,https://food.grab.com/id/en/restaurant/monday-coffee-and-coworking-ungasan-delivery/6-C4LHMFAFRZDUMA,4.8,1034,"['Masakan Italia', 'Kopi', 'Camilan']","Jl. Toyaning II No. 10X, Ungasan, Kuta Selatan, Badung, 80361",Bali,Diskon 40%; Diskon Rp30.000; Diskon 50%; Diskon Rp20.000; Diskon Rp25.000,True,6-C4LHMFAFRZDUMA
Love U Pizza - Tibubeneng,Love U Pizza,Tibubeneng,https://food.grab.com/id/en/restaurant/love-u-pizza-tibubeneng-delivery/6-C7T2V3VCAELCNJ,4.8,987,"['Masakan Barat', 'Pizza', 'Makanan Cepat Saji', 'Roti Lapis']","Jl. Raya Canggu, Tibubeneng, Kuta Utara, Badung. New Shorcut, 80361",Bali,Diskon Rp30.000; Diskon Rp25.000; Diskon 50%; Diskon Rp20.000; Diskon Rp10.000,True,6-C7T2V3VCAELCNJ
"UTSAV - Indian & Asian, Uluwatu Raya - Ungasan","UTSAV - Indian & Asian, Uluwatu Raya",Ungasan,https://food.grab.com/id/en/restaurant/utsav-indian-asian-uluwatu-raya-ungasan-delivery/6-CZJUNBWZGN4UAT,4.7,923,['Masakan India'],"Jl. Raya Uluwatu No.82 (Samping Warung Manna - Big Noodle) Ungasan, Kuta Selatan, Badung, Badung, 80361",Bali,Diskon Rp30.000; Diskon Rp25.000; Diskon 50%; Diskon Rp20.000; Diskon Rp10.000,True,6-CZJUNBWZGN4UAT
Pad Thai At Bali - Ungasan,Pad Thai At Bali,Ungasan,https://food.grab.com/id/en/restaurant/pad-thai-at-bali-ungasan-delivery/6-C2EATU6DJX5HA2,4.7,890,"['Masakan Thailand', 'Pad Thai']","Jl. Raya Uluwatu No. 13A Rt. 999/ Rw. 999, Ungasan, Kuta Selatan, Badung, Badung, 80361",Bali,Diskon Rp30.000; Diskon 50%; Diskon Rp20.000; Diskon Rp25.000; Diskon Rp10.000,True,6-C2EATU6DJX5HA2
"Ghost Pasta, Grilled , Asian Fushion - Kerobokan Kaja","Ghost Pasta, Grilled , Asian Fushion",Kerobokan Kaja,https://food.grab.com/id/en/restaurant/ghost-pasta-grilled-asian-fushion-kerobokan-kaja-delivery/6-C662HBVDCA2WEJ,4.4,850,"['Masakan Italia', 'Steik', 'Pasta', 'Hidangan Daging Sapi']","JI. Raya Gadon No. 105 (Sebelah Ganesha Education Bali, Near Ganesha), Kerobokan Kaja,  Kerobokan kaja, Badung,Bali, 80363",Bali,Diskon 40%; Diskon 30%; Diskon Rp30.000; Diskon Rp15.000; Diskon 50%,True,6-C662HBVDCA2WEJ
Warung Babi Guling Melem - Kerobokan,Warung Babi Guling Melem,Kerobokan,,4.8,720,"['Hidangan Daging Babi', 'Babi Panggang']","Jl. Raya Kerobokan, (Di Dekat Klinik Dwi Karya Usadha), Kerobokan, Kuta Utara, Badung, 80361",Bali,Diskon 50%; Diskon Rp30.000; Diskon pengantaran Rp5.000; Diskon pengantaran Rp4.000; Diskon Rp10.000,False,6-C6LTVLEFRJB1LT
Baan Ying Thai - Uluwatu,Baan Ying Thai,Uluwatu,https://food.grab.com/id/en/restaurant/baan-ying-thai-uluwatu-delivery/6-C2KDLXKJRFB3CT,4.7,673,"['Pad Thai', 'Tom Yum Goong', 'Nasi Goreng Nanas']","Jl. Uluwatu No. 88, (12M Dari Bread Basket | Breakfast And Bakery), Ungasan, Kuta Selatan, Badung, Badung, 80361",Bali,Diskon 30%; Diskon Rp30.000; Diskon 40%; Diskon Rp25.000; Diskon Rp15.000,True,6-C2KDLXKJRFB3CT
PIZZERIA ITALIA II -  Ungasan,PIZZERIA ITALIA II,Ungasan,,4.5,657,"['Masakan Italia', 'Pizza', 'Pasta', 'Ikan Dan Kentang Goreng']","Jl. Uluwatu No.200 (Di Sebelah Magazin Nirmala), Ungasan, Kuta Selatan, Badung, Badung, 80361",Bali,Diskon Rp30.000; Diskon Rp25.000; Diskon 50%; Diskon Rp20.000; Diskon Rp10.000,False,6-C3UVGGC3NRAYR6
Zaytun - Ungasan,Zaytun,Ungasan,,4.7,638,"['Masakan Timur Tengah', 'Pizza', 'Kebab', 'Kentang Panggang']","Jl. Pura Masuka, (Sebelah warung sembako lokal), Ungasan, Kec. Kuta Sel., Kabupaten Badung, Uluwatu, Bali 80362, 80362",Bali,Diskon Rp30.000; Diskon Rp25.000; Diskon 50%; Diskon Rp20.000; Diskon Rp10.000,False,6-C643R3CZMBWDNJ
SIA SEAFOOD GRILL and BAR - Canggu,SIA SEAFOOD GRILL and BAR,Canggu,https://food.grab.com/id/en/restaurant/sia-seafood-grill-and-bar-canggu-delivery/6-C6VYFAEBWBCWGT,4.5,628,"['Masakan Global', 'Hidangan Seafood', 'Barbekyu', 'Ikan Bakar']","Jl. Subak Canggu (Di Dekat Oka'S Day Spa & Salon), Canggu, Kuta Utara, Badung, 80361",Bali,Diskon 30%; Diskon 40%; Diskon Rp30.000; Diskon Rp25.000; Diskon Rp15.000,True,6-C6VYFAEBWBCWGT
Tarabelle Coffee and Eats - Ungasan,Tarabelle Coffee and Eats,Ungasan,,4.8,625,"['Masakan Korea', 'Kopi', 'Makanan Penutup', 'Kue']","Jl. Uluwatu No. 75X (Sebelah Wr. Nasi Bali Bu Angga), Ungasan, Kuta Selatan, Badung, Badung, 80361",Bali,Diskon Rp30.000; Diskon 50%; Diskon Rp20.000; Diskon Rp25.000; Diskon Rp10.000,False,6-C3NZR3VJEK4AAJ
Usha Cafe and Bakery - Ungasan,Usha Cafe and Bakery,Ungasan,https://food.grab.com/id/en/restaurant/usha-cafe-and-bakery-ungasan-delivery/6-C3TBG7A2KEDXJJ,4.8,601,"['Masakan Rusia', 'Kue', 'Kopi']","Jl. Raya Uluwatu No. 88, Ungasan, Kuta Selatan, Badung, Badung, 80361",Bali,Diskon Rp30.000; Diskon Rp25.000; Diskon 50%; Diskon Rp20.000; Diskon pengantaran Rp8rb,True,6-C3TBG7A2KEDXJJ
AUSSIE Smash Burger - Kerobokan Kelod,Aussie Smash Burger,Kerobokan Kelod,https://food.grab.com/id/en/restaurant/aussie-smash-burger-kerobokan-kelod-delivery/6-C7XACY6ZC3D2VN,4.4,587,"['Masakan Australia', 'Burger', 'Kentang Goreng', 'Coke Zero']","AUSSIE Smash Burger - Kerobokan Kelod, Jalan Raya Kerobokan, 80361 (Resto Paling depan sebelah kanan pintu masuk pasar.), Badung, Bali, 80361",Bali,Diskon Rp30.000; Diskon Rp25.000; Diskon 50%; Diskon Rp20.000; Diskon Rp10.000,True,6-C7XACY6ZC3D2VN
Juanitas Tacos - Ungasan,Juanitas Tacos,Ungasan,https://food.grab.com/id/en/restaurant/juanitas-tacos-ungasan-delivery/6-CY21C63JJKL2LA,4.5,575,"['Masakan Meksiko', 'Tako', 'Burrito']","Jl. Raya Uluwatu No. 9, Ungasan, Kuta Selatan, Badung, Badung, 80361",Bali,Diskon Rp30.000; Diskon 50%; Diskon Rp25.000; Diskon Rp20.000; Diskon Rp10.000,True,6-CY21C63JJKL2LA
Taco Kitchen - Jimbaran,Taco Kitchen,Jimbaran,https://food.grab.com/id/en/restaurant/taco-kitchen-jimbaran-delivery/6-C6NDLN21EYL2RT,4.7,547,"['Masakan Meksiko', 'Tako', 'Burrito']","Jl. Uluwatu No.138A (Sidewalk Jimbaran Gf), Ungasan, Kuta Selatan, Badung, 80361",Bali,Diskon 30%; Diskon 40%; Diskon Rp30.000; Diskon Rp25.000; Diskon Rp15.000,True,6-C6NDLN21EYL2RT
Lily Rose - Ungasan,Lily Rose,Ungasan,https://food.grab.com/id/en/restaurant/lily-rose-ungasan-delivery/6-C2AYNBDYME3DL2,4.6,502,"['Kue', 'Jus']","Jl. Toya Ning II No.99 (Google map = Lily Rose Patisserie & Eatery), Ungasan, Kec. Kuta Sel., Kabupaten Badung, Bali, Badung, 80361",Bali,Diskon 40%; Diskon 30%; Diskon Rp15.000; Diskon 50%; Diskon Rp30.000,True,6-C2AYNBDYME3DL2
Doctor’s Healthy Food - Ungasan,Doctor’s Healthy Food,Ungasan,https://food.grab.com/id/en/restaurant/doctor’s-healthy-food-ungasan-delivery/6-C64DJZJ3DFWDEN,4.7,483,"['Masakan Global', 'Ayam Bakar', 'Mangkok Sehat', 'Shake Protein']","Jl. Uluwatu St No. 99X (Di Dekat 8 Oz Coffee Bali), Ungasan, Kuta Selatan, Badung, 80361",Bali,Diskon 30%; Diskon Rp30.000; Diskon 40%; Diskon Rp15.000; Diskon 50%,True,6-C64DJZJ3DFWDEN
Tan-Panama Coffee - Sidewalk Jimbaran,Tan-Panama Coffee,Sidewalk Jimbaran,,4.8,470,"['Masakan Global', 'Kopi']","Jl. Raya Uluwatu No.138A (Sidewalk (Ground Floor, Sebelah Dairy Queen)), Ungasan, Kuta Selatan, Badung, 80361",Bali,Diskon 50%; Diskon Rp30.000; Diskon pengantaran Rp5.000; Diskon pengantaran Rp4.000; Diskon Rp20.000,False,6-C6XYUELUC2JUTX
Steak Town - Signature Grilled and Butcher - Kerobokan Kaja,Steak Town - Signature Grilled And Butcher,Signature Grilled and Butcher - Kerobokan Kaja,https://food.grab.com/id/en/restaurant/steak-town-signature-grilled-and-butcher-kerobokan-kaja-delivery/6-C7MERAT1T8CWCN,4.4,458,"['Masakan Barat', 'Steik', 'Barbekyu', 'Hidangan Daging Sapi']","Jl. Raya Gadon (Steakghost ,Grilled,Pasta And Burger - Canggu), Kerobokan Kaja, Kuta Utara, Badung, 80361",Bali,Diskon 30%; Diskon 40%; Diskon Rp30.000; Diskon Rp15.000; Diskon 50%,False,6-C7MERAT1T8CWCN
Royal Bella Pizza 1 - Ungasan,Royal Bella Pizza 1,Ungasan,,5,423,"['Masakan Italia', 'Pizza']","Jl. Bali Cliff, Ungasan, Kuta Selatan, Badung. Warung Bu Dani, 80361",Bali,Diskon pengantaran Rp5.000; Diskon pengantaran Rp4.000; Diskon Rp30.000; Diskon 50%; Diskon Rp25.000,False,6-C7WJNALFLFV3A2
Sinamon - Bali Jimbaran,Sinamon,Bali Jimbaran,https://food.grab.com/id/en/restaurant/sinamon-bali-jimbaran-delivery/6-C6NHBF2CEN3HEE,4.9,402,"['Masakan Barat', 'Toko Roti', 'Kopi', 'Roti Kayu Manis']","Jl. Uluwatu No. 138A (Sidewalk Jimbaran Gf), Ungasan, Kuta Selatan, Badung",Bali,Diskon 30%; Diskon Rp30.000; Diskon 40%; Diskon Rp15.000; Diskon 50%,True,6-C6NHBF2CEN3HEE
Eveva Cake Tart & Bakery Bali - Kerobokan,Eveva Cake Tart & Bakery Bali,Kerobokan,,4.8,395,"['Masakan Bali', 'Kue', 'Kue Tart', 'Kue Ulang Tahun']","Jl. Raya Kerobokan Canggu No. 108, (Toko Kue Custom Dan Roti Eveva Cake Tart & Bakery Bali), Kerobokan, Kuta Utara, Badung, 80361",Bali,Diskon Rp30.000; Diskon Rp25.000; Diskon Rp20.000; Diskon 50%; Diskon Rp10.000,False,6-C64FC4LECUJ2RN
Breakfast Club and Bowls - Kerobokan Kaja,Breakfast Club And Bowls,Kerobokan Kaja,https://food.grab.com/id/en/restaurant/breakfast-club-and-bowls-kerobokan-kaja-delivery/6-C7WBLF4YBEDJT2,4.5,383,"['Masakan Barat', 'Sarapan', 'Wafel', 'Roti Bakar']","Jl. Raya Gadon No. 105, Kerobokan Kaja, Kuta Utara, Badung. Ji.Beluran, Pas Di Tikungan, Sebelah Ganesha School, 80361",Bali,Diskon 40%; Diskon 30%; Diskon Rp30.000; Diskon Rp15.000; Diskon 50%,True,6-C7WBLF4YBEDJT2
PEYIA - Ungasan,PEYIA,Ungasan,https://food.grab.com/id/en/restaurant/peyia-ungasan-delivery/6-C65DCBJWUF6EJ2,4.6,367,"['Masakan Timur Tengah', 'Hidangan Daging Sapi', 'Salad']","Jl. Toyaning Ii - Ungasan (Di Depan Monday Coworking - Peyia Restoran Warna Oranje), Ungasan, Kuta Selatan, Badung, 80361",Bali,Diskon Rp30.000; Diskon Rp25.000; Diskon 50%; Diskon Rp20.000; Diskon Rp10.000,True,6-C65DCBJWUF6EJ2
Artisan - Ungasan,ARTISAN,Ungasan,https://food.grab.com/id/en/restaurant/artisan-ungasan-delivery/6-C6BZLEEEHCEUHE,4.4,364,"['Masakan Eropa', 'Kue', 'Pizza', 'Pasta']","Jl. Raya Uluwatu (Dekat Warung Kude, Warung Kude), Ungasan, Kuta Selatan, Badung, 80361",Bali,Diskon Rp30.000; Diskon 50%; Diskon Rp20.000; Diskon Rp25.000; Diskon Rp10.000,True,6-C6BZLEEEHCEUHE
BALKAN FOOD DELIVERY - Kerobokan,BALKAN FOOD DELIVERY,Kerobokan,https://food.grab.com/id/en/restaurant/balkan-food-delivery-kerobokan-delivery/6-C6UBL2XWRYMVCA,4.4,337,"['Masakan Timur Tengah', 'Toko Roti', 'Kebab', 'Kue']","Jl. Ry Kesambi, Gg. Permatasari Block Ii No. 5 (Rumah No 5 Gerbang Warna Hitam), Kerobokan, Kuta Utara, Badung, 80361",Bali,Diskon 30%; Diskon 40%; Diskon Rp30.000; Diskon Rp15.000; Diskon 50%,True,6-C6UBL2XWRYMVCA
Doughboys Pizza - Jimbaran,Doughboys Pizza,Jimbaran,https://food.grab.com/id/en/restaurant/doughboys-pizza-jimbaran-delivery/6-C632AJEDJK41C6,4.5,306,"['Masakan Italia', 'Pizza', 'Pasta']","Sidewalk Jimbaran, Jl. Raya Uluwatu No. 138A, (Didalam Sidewalk Jimbaran), Ungasan, Kuta Selatan, Badung, 80361",Bali,Diskon 30%; Diskon Rp30.000; Diskon 40%; Diskon Rp25.000; Diskon Rp15.000,True,6-C632AJEDJK41C6
Nenek Bakery - Ungasan,Nenek Bakery,Ungasan,https://food.grab.com/id/en/restaurant/nenek-bakery-ungasan-delivery/6-C7KJGPDXGE2XGN,4.7,300,"['Masakan Eropa', 'Kue']","Jl. Raya Uluwatu No.68 (Di Dekat Winter Cafe),  Ungasan, Kuta Selatan, Badung, 80361",Bali,Diskon Rp30.000; Diskon 50%; Diskon Rp20.000; Diskon Rp25.000; Diskon Rp10.000,True,6-C7KJGPDXGE2XGN
Hedonist Space - Ungasan,Hedonist,Ungasan,,4.9,283,"['Masakan Rusia', 'Salad', 'Pasta']","Jl. Uluwatu No.72 (40 Meter Dari Le Petit Warung - Ungasan), Ungasan, Kuta Selatan, Badung, 80361",Bali,Diskon 50%; Diskon Rp30.000; Diskon Rp20.000; Diskon Rp25.000; Diskon Rp8.000,False,6-C6DCRB23UEDTEE
WOK - Ungasan,Wok,Ungasan,https://food.grab.com/id/en/restaurant/wok-ungasan-delivery/6-C7DAAA6KHCJFA6,4.8,269,"['Nasi Goreng', 'Mie Goreng', 'Mangkok Poke']","Jl Pura Masuka No 7b (Sebelah toko sembako lokal), Ungasan, Kuta Selatan, Badung, Bali, 80361",Bali,Diskon Rp30.000; Diskon 50%; Diskon Rp25.000; Diskon Rp20.000; Diskon Rp10.000,True,6-C7DAAA6KHCJFA6
PAN ASIA WOK - PECATU,PAN ASIA WOK,PECATU,https://food.grab.com/id/en/restaurant/pan-asia-wok-pecatu-delivery/6-C7XTTADFTF52EE,4.6,241,"['Masakan Asia Tenggara', 'Tom Yam', 'Mangkok Poke', 'Nasi Goreng']","Jl. Raya Uluwatu No. 99X, Pecatu, Kuta Selatan, Badung. Dekat Nui Healthy Food Salad, Protein, Sandwich - Ungasan, 80361",Bali,Diskon 30%; Diskon Rp30.000; Diskon 40%; Diskon Rp15.000; Diskon 50%,True,6-C7XTTADFTF52EE
Warung Jantung Pisang - Ungasan,Warung Jantung Pisang,Ungasan,https://food.grab.com/id/en/restaurant/warung-jantung-pisang-ungasan-delivery/6-C65EJATFR6CFGE,4.6,233,"['Mie', 'Pasta', 'Roti Lapis']","Warung Jantung Pisang, Jl. Toya Ning II, Banjar Bakung Sari, Desa Ungasan, Kec. Kuta Selatan, Bali 80361 (Depan Krisna Silver Class), Badung, 80361",Bali,Diskon Rp30.000; Diskon 50%; Diskon Rp20.000; Diskon Rp25.000; Diskon Rp10.000,True,6-C65EJATFR6CFGE
Olivia Cafe - Ungasan,Olivia Cafe,Ungasan,,4.4,214,"['Masakan Rusia', 'Kue', 'Ayam Chop', 'Hidangan Daging Sapi']","Jl. Melasti No. 18 (Br. Kelod No.18, Cafe Oliviia), Ungasan, Kuta Selatan, Badung, 80361",Bali,Diskon Rp30.000; Diskon 50%; Diskon Rp25.000; Diskon Rp20.000; Diskon Rp10.000,False,6-C7BXRTNVDBUJJ6
"Sushi and Wok (wok, poke, bowl, Japanese, Chinese) - Ungasan","Sushi and Wok (wok, poke, bowl, Japanese, Chinese)",Ungasan,https://food.grab.com/id/en/restaurant/sushi-and-wok-wok-poke-bowl-japanese-chinese-ungasan-delivery/6-C6XVLTJAJPW2CX,4.5,180,"['Masakan Tionghoa', 'Nasi', 'Sushi', 'Gulung']","Jl. Raya Uluwatu No. 13C (Di Sebelah Pad Thai At Bali), Ungasan, Kuta Selatan, Badung, 80361",Bali,Diskon 40%; Diskon Rp30.000; Diskon 50%; Diskon Rp20.000; Diskon Rp25.000,True,6-C6XVLTJAJPW2CX
Balkan Shawarma - Ungasan,Balkan Shawarma,Ungasan,https://food.grab.com/id/en/restaurant/balkan-shawarma-ungasan-delivery/6-C65JL63JAALCJX,4.6,175,"['Masakan Turki', 'Shawarma', 'Kebab', 'Hidangan Ayam']","Jl. Pura Batu Pageh No. 39 A, Rt. 999 / Rw. 999, (Disamping Anugrah Laundry), Ungasan, Kuta Selatan, Badung, 80361",Bali,Diskon Rp30.000; Diskon 50%; Diskon Rp20.000; Diskon Rp25.000; Diskon Rp10.000,True,6-C65JL63JAALCJX
Tanah Uluwatu Bakery & Grill - Ungasan,Tanah Uluwatu Bakery & Grill,Ungasan,https://food.grab.com/id/en/restaurant/tanah-uluwatu-bakery-grill-ungasan-delivery/6-C6XCT8EAT32XKA,4.6,170,['Masakan Italia'],"Jl. Raya Uluwatu Pecatu, Ungasan, Kuta Selatan, Badung. Setelah Nourish, Uluwatu, 80361",Bali,Diskon 30%; Diskon Rp30.000; Diskon 40%; Diskon Rp15.000; Diskon 50%,True,6-C6XCT8EAT32XKA
Chewy’s Dessert - Kerobokan,Chewy’s Dessert,Kerobokan,,4.9,166,"['Masakan Barat', 'Makanan Penutup', 'Kue Kering', 'Kue']","Jl. Bumbak Dauh No. 3A, Kerobokan, Kuta Utara, Badung. Disebelah Asia Pacific Medical Centre, 80361",Bali,Diskon Rp30.000; Diskon 50%; Diskon Rp20.000; Diskon Rp25.000; Diskon Rp10.000,False,6-C7T2V3VCAT4BCT
555 Thai - Kerobokan Kelod,555 Thai,Kerobokan Kelod,,4.7,114,['Masakan Thailand'],"Jl. Pengubengan Kauh No. 9, Kerobokan Kelod, Kuta Utara, Badung. Di Sebelah Mr. King Laundry, 80361",Bali,Diskon 30%; Diskon Rp30.000; Diskon 40%; Diskon Rp15.000; Diskon 50%,False,6-C76FRLKVA32BPA
MAMA RADA PRODUCTION - Ungasan,Mama Rada Production,Ungasan,,4.7,111,"['Masakan Rusia', 'Hidangan Keju', 'Pangsit', 'Krep']","Jl. Pura Batu Pageh No.14, Ungasan, Kec. Kuta Sel., Kabupaten Badung, Bali 80361 (Ruko B)",Bali,Diskon Rp30.000; Diskon Rp25.000; Diskon 50%; Diskon Rp20.000; Diskon Rp10.000,False,6-C7ETV23ZRKVZL6
Tichanan Thai restaurant - Ungasan,Tichanan Thai Restaurant,Ungasan,https://food.grab.com/id/en/restaurant/tichanan-thai-restaurant-ungasan-delivery/6-C76FLE51LZJHJN,4.6,101,"['Masakan Thailand', 'Pad Thai']","Pecatu Food Court, Jl. Raya Uluwatu No. 99, Ungasan, Kuta Selatan, Badung, 80361",Bali,Diskon 40%; Diskon 30%; Diskon Rp30.000; Diskon Rp15.000; Diskon 50%,True,6-C76FLE51LZJHJN
Snowcat Bali Traditional Russian Cuisine - Jalan Uluwatu no 93,Snowcat Bali Traditional Russian Cuisine,Jalan Uluwatu no 93,https://food.grab.com/id/en/restaurant/snowcat-bali-traditional-russian-cuisine-jalan-uluwatu-no-93-delivery/6-C7JUA63DA6JJFA,4.3,100,"['Masakan Rusia', 'Salad', 'Sup', 'Sup Ayam']","Jl. Raya Uluwat No. 93, Ungasan, Kuta Selatan, Badung, 80361",Bali,Diskon Rp30.000; Diskon 50%; Diskon Rp25.000; Diskon Rp20.000; Diskon Rp10.000,True,6-C7JUA63DA6JJFA
Smetana - Ungasan,Smetana,Ungasan,https://food.grab.com/id/en/restaurant/smetana-ungasan-delivery/6-C642BBTFVFC3AX,4.1,98,"['Masakan Rusia', 'Krep', 'Salad']","Jl. Merak (Perum Ungasan Permai, Ruko Nomor 2), Ungasan, Kuta Selatan, Badung, 80361",Bali,Diskon 30%; Diskon Rp30.000; Diskon 40%; Diskon Rp15.000; Diskon 50%,True,6-C642BBTFVFC3AX
Istanbul Corner Shawarma and Grill - Ungasan,Istanbul Corner Shawarma And Grill,Ungasan,,4.8,90,"['Masakan Turki', 'Shawarma', 'Kebab', 'Barbekyu']","Jl. Raya Uluwatu No. 138A (Di Area Sidewalk Jimbaran), Ungasan, Kuta Selatan, Badung, Badung, 80361",Bali,Diskon Rp30.000; Diskon Rp25.000; Diskon 50%; Diskon Rp20.000; Diskon Rp10.000,False,6-C34DBCACVRKXN2
Masakan Nusantara - Ungasan,Masakan Nusantara,Ungasan,,4.6,82,"['Masakan Malaysia', 'Ayam Goreng', 'Nasi Goreng']","Jl. Languikauh (Makan Yok - Ungasan), Ungasan, Kuta Selatan, Badung, 80361",Bali,Diskon 50%; Diskon 40%; Diskon Rp30.000; Diskon pengantaran Rp5.000; Diskon pengantaran Rp4.000,False,6-C7LTVXDURY4JBA
CHASKAA ( Modern Indian Cuisine & Bar ) - JIMBARAN,CHASKAA ( Modern Indian Cuisine & Bar ),JIMBARAN,https://food.grab.com/id/en/restaurant/chaskaa-modern-indian-cuisine-bar-jimbaran-delivery/6-C653N2WJVB4DWA,3.8,74,"['Masakan Pakistan', 'Nasi Biryani', 'Hidangan Ayam']","Jl. Uluwatu St (Di Sebelah Indomaret Uluwatu Ungasan), Jimbaran, Kuta Selatan, Badung, 80361",Bali,Diskon 50%; Hingga 15% diskon; Diskon pengantaran Rp5.000; Diskon pengantaran Rp4.000; Diskon Rp20.000,True,6-C653N2WJVB4DWA
Sandara Gelato - Ungasan,Sandara Gelato,Ungasan,,4.4,68,"['Masakan Global', 'Gelato', 'Es Krim', 'Makanan Penutup']","Jl. Uluwatu No. 8 (di samping Hungry Hunt Burger and Hotdog Uluwatu), Ungasan, Kuta Selatan, Badung, Badung, 80361",Bali,Diskon Rp30.000; Diskon Rp25.000; Diskon Rp20.000; Diskon 50%; Diskon Rp10.000,False,6-C26XKANEJ75TJJ
HYGHE SOCIAL CAFE - Ungasan,HYGHE SOCIAL CAFE,Ungasan,https://food.grab.com/id/en/restaurant/hyghe-social-cafe-ungasan-delivery/6-C3TCAKABENLYL2,4,66,"['Masakan Eropa', 'Kopi', 'Pizza']","Jl. Raya Uluwatu, Rt 999 / Rw 999, (Didalam Area Nirmala Supermarket Ungasan), Ungasan, Kuta Selatan, Badung, Badung, 80361",Bali,Diskon Rp30.000; Diskon 50%; Diskon Rp20.000; Diskon Rp10.000; Diskon Rp25.000,True,6-C3TCAKABENLYL2
GORENGAN DAN KETAN HENGKY - Ungasan,GORENGAN DAN KETAN HENGKY,Ungasan,,4.8,66,"['Masakan Singapura', 'Minuman', 'Tahu']","Jl. Pura Batu Pageh No.4 (Dekat Nirmala), Ungasan, Kuta Selatan, Badung, Bali, Badung, 80362",Bali,Diskon 50%; Diskon Rp30.000; Diskon pengantaran Rp5.000; Diskon pengantaran Rp4.000; Diskon Rp10.000,False,6-C3BYGFEYE2XJRE
Bagel's & Co - Uluwatu,BagelsCo,Uluwatu,,4.8,65,"['Masakan Meksiko', 'Tako', 'Burrito']","Jl. Raya Uluwatu Pecatu, Ungasan, Kuta Selatan, Badung. Pecatu Food Center, 80361",Bali,Diskon Rp15.000; Diskon pengantaran Rp5.000; Diskon Rp30.000; Diskon 40%; Diskon 30%,False,6-C7WFTANCWGDCCJ
The Smoothie Fruity - Pecatu,The Smoothie Fruity,Pecatu,https://food.grab.com/id/en/restaurant/the-smoothie-fruity-pecatu-delivery/6-C6CGEYEHTUAJFA,4.2,62,"['Masakan Global', 'Smoothie', 'Jus Segar']","Jl. Raya Uluwatu Pecatu No. 999 (Nomalish Smoothie Bowl - Ungasan), Ungasan, Kuta Selatan, Badung, 80361",Bali,Diskon 20%; Diskon Rp15.000; Diskon 50%; Diskon Rp30.000; Diskon pengantaran Rp5.000,True,6-C6CGEYEHTUAJFA
D Lizious Ice Cream - Ungasan,D Lizious Ice Cream,Ungasan,,5,35,"['Masakan Global', 'Es Krim', 'Makanan Penutup', 'Gelato']","Perumahan Korji Terrace D6, No. 999, Jl. Merak (Artobag Bali), Ungasan, Kuta Selatan, Badung, Badung, 80361",Bali,Diskon 40%; Diskon Rp30.000; Diskon 50%; Diskon Rp20.000; Diskon Rp25.000,False,6-C3CJL6MHAEKCDA
Dolcemisu Tiramisu Coffee - Seminyak,Dolcemisu Tiramisu Coffee,Seminyak,https://food.grab.com/id/en/restaurant/dolcemisu-tiramisu-coffee-seminyak-delivery/6-C8AEJ7XFEXTWJN,4.9,31,"['Masakan Italia', 'Kopi']","Jl. Pangkung Sari No. 2, Kerobokan Kelod, Kuta Utara, Badung. Pertokoan Beraban, 80361",Bali,Diskon 30%; Diskon Rp30.000; Diskon 40%; Diskon Rp15.000; Diskon 50%,True,6-C8AEJ7XFEXTWJN
Noosatea - Uluwatu,Kebab Oz,Uluwatu,https://food.grab.com/id/en/restaurant/noosatea-uluwatu-delivery/6-C7WTT8JYT2MKRE,5,30,"['Masakan Turki', 'Kebab', 'Shawarma', 'Wrap']","Jl. Raya Uluwatu Pecatu, Ungasan, Kuta Selatan, Badung. Pecatu Food Center, 80361",Bali,Diskon Rp15.000; Diskon 40%; Diskon 50%; Diskon 30%; Diskon Rp30.000,True,6-C7WTT8JYT2MKRE
Elies Restaurant - Ungasan,Elie's Shawarma,Ungasan,https://food.grab.com/id/en/restaurant/elies-restaurant-ungasan-delivery/6-C6NBVP5XRUMVEA,3.5,26,"['Masakan Timur Tengah', 'Shawarma', 'Falafel', 'Hummus']","Jl. Uluwatu, Elies Restaurant, Ungasan, Kuta Selatan, Badung, Bali, 80361",Bali,Diskon Rp30.000; Diskon 50%; Diskon Rp25.000; Diskon Rp20.000; Diskon Rp10.000,True,6-C6NBVP5XRUMVEA
Beer Store - Tibubeneng,Beer Store,Tibubeneng,https://food.grab.com/id/en/restaurant/beer-store-tibubeneng-delivery/6-C7EUEAL1A3ATBA,4.2,22,"['Masakan Barat', 'Minuman', 'Bir']","Btn Canggu Permai, Jl. Karang Suwung No. 999 (Toko Bahari Grosir - Tibubeneng), Tibubeneng, Kuta Utara, Badung, 80361",Bali,Diskon 30%; Diskon 40%; Diskon Rp15.000; Diskon 50%; Diskon Rp30.000,True,6-C7EUEAL1A3ATBA
Wama Cafe - Kerobokan Kelod,Wama Cafe,Kerobokan Kelod,https://food.grab.com/id/en/restaurant/wama-cafe-kerobokan-kelod-delivery/6-C6LZALDEDE62VA,4,17,"['Masakan Asia Tenggara', 'Kopi', 'Kue', 'Camilan']","Jl. Raya Kerobokan No. 180 (Di Dekat Aneka Kreasi Bali ( Krey Bambu )), Kerobokan Kelod, Kuta Utara, Badung, 80361",Bali,Diskon 50%; Diskon Rp30.000; Diskon Rp10.000; Diskon Rp20.000; Diskon Rp25.000,True,6-C6LZALDEDE62VA
Cuppa Espresso Bar - Ungasan,Cuppa Espresso Bar,Ungasan,https://food.grab.com/id/en/restaurant/cuppa-espresso-bar-ungasan-delivery/6-C2CALCBBLFBCLE,4,13,"['Masakan Australia', 'Kopi']","Jl. Bali Cliff No. 4, (Di Depan Embun Natural), Ungasan, Kuta Selatan, Badung, Badung, 80361",Bali,Diskon 50%; Diskon Rp30.000; Diskon Rp10.000; Diskon Rp20.000; Diskon Rp25.000,True,6-C2CALCBBLFBCLE
FORK & FIRE - PIZZA HOUSE - Kerobokan Kelod,Fork & Fire By Frestro Petitenget,PIZZA HOUSE - Kerobokan Kelod,https://food.grab.com/id/en/restaurant/fork-fire-pizza-house-kerobokan-kelod-delivery/6-C8BGAJT1CFAJGN,4.4,12,"['Masakan Italia', 'Carbonara', 'Pasta', 'Pizza Margherita']","Jl. Petitenget No. 108, Kerobokan Kelod, Kuta Utara, Badung. Di Frestro Petitenget, 80361",Bali,Diskon 40%; Diskon 30%; Diskon 20%; Diskon Rp30.000; Diskon Rp25.000,True,6-C8BGAJT1CFAJGN
Soto Warung Pecel Nganjuk - Ungasan,Soto Warung Pecel Nganjuk,Ungasan,,4.5,10,"['Masakan Jawa', 'Soto', 'Sega Pecel']","Jl. Uluwatu (Warung Pecel Nganjuk Ungasan), Ungasan, Kuta Selatan, Badung, 80361",Bali,Diskon 50%; Diskon pengantaran Rp5.000; Diskon pengantaran Rp4.000; Diskon Rp30.000; Diskon Rp25.000,False,6-C6NVGVKJV32ZKA
ES MILO MALAYSIA - Ungasan,Es Milo Malaysia,Ungasan,https://food.grab.com/id/en/restaurant/es-milo-malaysia-ungasan-delivery/6-C7VWG7MXMCJARN,5,7,"['Masakan Brasil', 'Milkshake', 'Mangkok Acai', 'Smoothie']","Jl. Giri Dharma Camplik, Ungasan, Kuta Selatan, Badung. Near Kost Pak Sugita, 80361",Bali,Diskon Rp15.000; Diskon 40%; Diskon 50%; Diskon 30%; Diskon Rp30.000,True,6-C7VWG7MXMCJARN
Kebab Authentic 1920 - Kerobokan Kelod,,Kerobokan Kelod,https://food.grab.com/id/en/restaurant/kebab-authentic-1920-kerobokan-kelod-delivery/6-C7XDR4CGJ76BTX,4.5,6,"['Masakan Turki', 'Kebab', 'Shawarma', 'Wrap']","Jl. Petitenget No. 21, Kerobokan Kelod, Kuta Utara, Badung. Didekat Marc Hotel, 80361",Bali,Diskon Rp30.000; Diskon Rp25.000; Diskon 50%; Diskon Rp20.000; Diskon Rp10.000,True,6-C7XDR4CGJ76BTX
I am Miam - Kerobokan Kelod,I Am Miam,Kerobokan Kelod,https://food.grab.com/id/en/restaurant/i-am-miam-kerobokan-kelod-delivery/6-C76USEUGE6MANJ,5,5,['Masakan Prancis'],"Jl. Gn T Perahu, Kerobokan Kelod, Kuta Utara, Badung. Lepicery Bali - Kerobokan Kelod, 80361",Bali,Diskon Rp30.000; Diskon 50%; Diskon Rp20.000; Diskon Rp10.000; Diskon pengantaran Rp5.000,True,6-C76USEUGE6MANJ
PORKLAB - Pedungan,Porklab,Pedungan,https://food.grab.com/id/en/restaurant/porklab-pedungan-delivery/6-C8DYHFTJEZAFCX,5,5,['Masakan Filipina'],"Jl. Babakan Sari, Gg. Cendrawasih Pedungan No. 20, Pedungan, Denpasar Selatan, Denpasar, 80222",Bali,Diskon Rp15.000; Diskon 40%; Diskon 50%; Diskon 30%; Diskon Rp30.000,True,6-C8DYHFTJEZAFCX
NASI HAINAN EIFFELYN - Kerobokan,NASI HAINAN EIFFELYN,Kerobokan,https://food.grab.com/id/en/restaurant/nasi-hainan-eiffelyn-kerobokan-delivery/6-C32EA26VA3E1L6,4.5,5,"['Masakan Global', 'Nasi Goreng', 'Nasi Ayam', 'Hidangan Ayam']","Jl. Raya Kerobokan No.88 Br. Campuan, Kerobokan, Kuta utara, Badung, Bali, 80361",Bali,Diskon Rp30.000; Diskon 40%; Diskon 30%; Diskon Rp15.000; Diskon 50%,True,6-C32EA26VA3E1L6
Malino Thai Tea Cheesy - Teuku Umar Barat,Malino Thai Tea Cheesy,Teuku Umar Barat,https://food.grab.com/id/en/restaurant/malino-thai-tea-cheesy-teuku-umar-barat-delivery/6-C8CDNULEGJB2E6,5,4,"['Masakan Thailand', 'Teh Thai', 'Teh Susu Mutiara']","Malino Thai Tea Cheesy - Kerobokan Kelod, Jl. Teuku Umar Barat, Halaman Alfamart Teuku Umar Barat 2 seberang pom bensin, Kerobokan Kelod, Kuta Utara, Badung, Bali, 80361 (Halaman Alfamart Teuku Umar Barat 2, seberang pom bensin)",Bali,Diskon Rp15.000; Diskon 50%; Diskon Rp30.000; Diskon 40%; Diskon pengantaran Rp5.000,True,6-C8CDNULEGJB2E6
Trebaci pattisserie - Kerobokan Kelod,Trebaci pattisserie,Kerobokan Kelod,https://food.grab.com/id/en/restaurant/trebaci-pattisserie-kerobokan-kelod-delivery/6-C7TAUATFNUNXEN,5,3,['Masakan Prancis'],"Jl. Merthanadi No. 57, Kerobokan Kelod, Kuta Utara, Badung. Trebaci Pastry, 80361",Bali,Diskon Rp30.000; Diskon Rp25.000; Diskon 50%; Diskon Rp20.000; Diskon Rp10.000,True,6-C7TAUATFNUNXEN
ORIGINAL UFO BURGER - Mertanadi Square,ORIGINAL UFO BURGER,Mertanadi Square,https://food.grab.com/id/en/restaurant/original-ufo-burger-mertanadi-square-delivery/6-C6XKCNWVCRKEEE,2,3,"['Masakan Prancis', 'Kentang Goreng', 'Jus']","Mertanadi Square, Blok B1, Jl. Mertanadi, No. 31, (Disatu Area Dengan Food Factory Original, Kerobokan), Kerobokan Kelod, Kuta Utara, Badung, 80361",Bali,Diskon 50%; Diskon Rp30.000; Diskon Rp10.000; Diskon Rp20.000; Diskon Rp25.000,True,6-C6XKCNWVCRKEEE
L'Antika Pizza -  Ungasan,L'Antika Pizza,Ungasan,https://food.grab.com/id/en/restaurant/l-antika-pizza-ungasan-delivery/6-C7WJNKK3LTTZPE,5,2,"['Masakan Italia', 'Pizza']","Jl. Bali Cliff, Ungasan, Kuta Selatan, Badung . Warung Bu Dani, 80361",Bali,Diskon Rp30.000; Diskon 50%; Diskon Rp20.000; Diskon Rp25.000; Diskon Rp10.000,True,6-C7WJNKK3LTTZPE
Urutan Babi Pork City - Jimbaran,Urutan Babi Pork City,Jimbaran,https://food.grab.com/id/en/restaurant/urutan-babi-pork-city-jimbaran-delivery/6-C722JXDFVJ4JGJ,5,2,"['Masakan Betawi', 'Hidangan Daging Babi']","Jl. Goa Gongungasan, Jimbaran, Kuta Selatan, Badung. Pondok Kuliner Babi Bali- Jimbaran, 80361",Bali,Diskon 50%; Diskon Rp30.000; Diskon pengantaran Rp5.000; Diskon pengantaran Rp4.000; Diskon Rp10.000,True,6-C722JXDFVJ4JGJ
Acai Colica Protein - Ungasan,Acai Colica Protein,Ungasan,https://food.grab.com/id/en/restaurant/acai-colica-protein-ungasan-delivery/6-C7NFJ8E3JP5YBE,5,2,"['Masakan Brasil', 'Smoothie', 'Salad Sehat']","Jl. Batu Nunggul No. 2, Ungasan, Kuta Selatan, Badung, 80361",Bali,Diskon 50%; Diskon Rp8.000; Diskon Rp30.000; Diskon Rp10.000; Diskon Rp20.000,True,6-C7NFJ8E3JP5YBE
Ayam Geprek Crunches - Kerobokan,Ayam Geprek Crunches,Kerobokan,https://food.grab.com/id/en/restaurant/ayam-geprek-crunches-kerobokan-delivery/6-C8DUGJUHHFC2FE,2,1,"['Masakan Jawa', 'Ayam Penyet']","Jl. Sunset Road No. 27X, Kerobokan Kelod, Kuta Utara, Badung. Depan Trans Resort Seminyak Bakmi Dan Bubur Ayam Djie Tjap - Kerobokan Kelod, 80361",Bali,Diskon 50%; Diskon Rp30.000; Diskon pengantaran Rp5.000; Diskon pengantaran Rp4.000; Diskon Rp10.000,True,6-C8DUGJUHHFC2FE
NASI TEMPONG BU RIRIN - Kerobokan Kelod,Nasi Tempong Bu Ririn,Kerobokan Kelod,https://food.grab.com/id/en/restaurant/nasi-tempong-bu-ririn-kerobokan-kelod-delivery/6-C8CJUENBNXBEAA,2,1,"['Masakan Jawa', 'Ayam Penyet']","Jl. Raya Kerobokan, Kerobokan Kelod, Kuta Utara, Badung. Taman Suar Kerobokan, 80361",Bali,Diskon 50%; Diskon Rp30.000; Diskon pengantaran Rp5.000; Diskon pengantaran Rp4.000; Diskon Rp10.000,True,6-C8CJUENBNXBEAA
Bancone Pasta - Umalas,Bancone Pasta,Umalas,,5,1,['Masakan Italia'],"Jl. Umalas 1, Kerobokan Kelod, Kuta Utara, Badung. Di Dekat Warung Italia Seminyak, 80361",Bali,Diskon 40%; Diskon 50%; Diskon Rp8.000; Diskon Rp30.000; Diskon pengantaran Rp5.000,False,6-C75XG2U1V2X1CE
Dewata Rice bowl - Kerobokan Kelod,Dewata Rice Bowl,Kerobokan Kelod,https://food.grab.com/id/en/restaurant/dewata-rice-bowl-kerobokan-kelod-delivery/6-C7UBLCNYTLLDA2,5,1,"['Masakan Bali', 'Mangkok Nasi', 'Nasi Ayam']","Jl. Raya Kerobokan, Kerobokan Kelod, Kuta Utara, Badung. Denpasar, Di Dekat Warmindo Seminyak, 80361",Bali,Diskon Rp30.000; Diskon 50%; Diskon Rp10.000; Diskon pengantaran Rp5.000; Diskon pengantaran Rp4.000,True,6-C7UBLCNYTLLDA2
Es Teler Cihuy 1 - Kerobokan Kelod,Es Teler Cihuy 1,Kerobokan Kelod,https://food.grab.com/id/en/restaurant/es-teler-cihuy-1-kerobokan-kelod-delivery/6-C753LBUGG251RE,5,1,"['Masakan Betawi', 'Hidangan Penutup Dingin']","Jl. Raya Kerobokan No. 14, Kerobokan Kelod, Kuta Utara, Badung. Di Depan Frestive Kerobokan, 80361",Bali,Diskon 50%; Diskon Rp30.000; Diskon pengantaran Rp5.000; Diskon pengantaran Rp4.000; Diskon Rp10.000,True,6-C753LBUGG251RE
Protein Time - Ungasan,Protein Time,Ungasan,https://food.grab.com/id/en/restaurant/protein-time-ungasan-delivery/6-C8DFEXN2EVATET,5,1,"['Masakan Amerika Selatan', 'Salad', 'Tempura Udang', 'Salad Sayur']","Second Bite - Ungasan, Jl. Raya Uluwatu No. 99X, Ungasan, Kuta Selatan, Badung. Nama Toko Second Bite, 80361 (di Second Bite), Bali, 80361",Bali,Diskon 50%; Diskon Rp5.000; Hingga 15% diskon; Menu dengan diskon; Diskon Rp10rb,True,6-C8DFEXN2EVATET
Es Kacang Bu Lia - Kuta Selatan,Es Kacang Bu Lia,Kuta Selatan,,,,"['Masakan Asia Tenggara', 'Makanan Penutup', 'Hidangan Penutup Dingin']","Jl. Raya Uluwatu Pecatu, Gg. Bendesa II No. 252 (Es Kacang Bu Lia) Ungasan, Kuta Selatan, Badung, 80361",Bali,Diskon 50%; Diskon Rp30.000; Diskon pengantaran Rp5.000; Diskon pengantaran Rp4.000; Diskon Rp10.000,False,6-C2AFT251RANBRE
Dayin coffee dan pizza - Ungasan,Dayin Coffee Dan Pizza,Ungasan,https://food.grab.com/id/en/restaurant/dayin-coffee-dan-pizza-ungasan-delivery/6-C7W1L8EAVPDFBE,,,['Masakan Italia'],"Jl. Balangan Beach Ii No. 211, Ungasan, Kuta Selatan, Badung, 80361",Bali,Diskon 50%; Diskon Rp30.000; Diskon pengantaran Rp5.000; Diskon pengantaran Rp4.000; Diskon Rp10.000,True,6-C7W1L8EAVPDFBE
Brunch Club - Kerobokan,Brunch Club,Kerobokan,,,,"['Masakan Italia', 'Panekuk', 'Burger']","Jl. Sunset Road No. 88 - 89 (Samping BURGER KING, Sunset Point Hotel), Kerobokan, Kuta Utara, Badung, Bali, 80361",Bali,Diskon Rp15.000; Diskon 40%; Diskon 50%; Diskon 30%; Diskon Rp30.000,False,6-C62TJ25GTUDUJ6
Long For Coffee - Kerobokan Kelod,Long For Coffee,Kerobokan Kelod,https://food.grab.com/id/en/restaurant/long-for-coffee-kerobokan-kelod-delivery/6-C8DFVN4YNKCATT,,,['Masakan Malaysia'],"Jl. Sunset Road No. 100Xb, Kerobokan Kelod, Kuta Utara, Badung, 80361",Bali,Diskon 50%; Diskon pengantaran Rp4.000; Diskon pengantaran Rp5.000; Hingga 15% diskon,True,6-C8DFVN4YNKCATT
Abil teh poci - Ungasan,Abil Teh Poci,Ungasan,https://food.grab.com/id/en/restaurant/abil-teh-poci-ungasan-delivery/6-C76VTEXKTCDJCJ,,,"['Masakan Malaysia', 'Teh Tarik', 'Teh Susu', 'Teh Susu Mutiara']","Jl. Raya Uluwatu, Ungasan, Kuta Selatan, Badung. Sung Express Laundry Ungasan, 80361",Bali,Diskon 50%; Diskon Rp30.000; Diskon Rp10.000; Diskon Rp20.000; Diskon Rp25.000,True,6-C76VTEXKTCDJCJ
ONENINE.19 - Kerobokan Kelod,Onenine.19,Kerobokan Kelod,,,,"['Masakan Malaysia', 'Teh Susu Mutiara', 'Kopi', 'Teh Susu']","Jl. Bidadari, Kerobokan Kelod, Kuta Utara, Badung. Eka Cell Kerobokan Kelod, 80361",Bali,Diskon 50%; Diskon Rp30.000; Diskon Rp10.000; Diskon Rp20.000; Diskon Rp25.000,False,6-C76HJ6WAA35BRN
RB Food Corner - Kerobokan Kelod,Rb Food Corner,Kerobokan Kelod,https://food.grab.com/id/en/restaurant/rb-food-corner-kerobokan-kelod-delivery/6-C8C1JYEDAEMUGE,,,['Masakan Malaysia'],"Jl. Kuwum I, No. 12A, Kerobokan Kelod, Kuta Utara, Badung, 80361",Bali,Diskon 50%; Diskon pengantaran Rp4.000; Diskon pengantaran Rp5.000; Hingga 15% diskon,True,6-C8C1JYEDAEMUGE
Dateri - Kerobokan,Dateri,Kerobokan,https://food.grab.com/id/en/restaurant/dateri-kerobokan-delivery/6-C8BZNKABBCLHNJ,,,['Masakan Malaysia'],"Jl. Muding Buit, Gg. Ramayana B No. 4, Kerobokan, Kuta Utara, Badung. Kaja, 80361",Bali,Diskon 50%; Diskon Rp30.000; Diskon Rp10.000; Diskon Rp20.000; Diskon Rp25.000,True,6-C8BZNKABBCLHNJ
Vancafe & Bakery - Kerobokan Kelod,Vancafe & Bakery,Kerobokan Kelod,https://food.grab.com/id/en/restaurant/vancafe-bakery-kerobokan-kelod-delivery/6-C8EAUEM2C3XAEX,,,['Masakan Prancis'],"Sunset Point Shopping Centre, Jl. Sunset Road, Kerobokan Kelod, Kuta Utara, Badung. Lobby, 80361",Bali,Diskon pengantaran Rp4.000; Diskon pengantaran Rp5.000; Hingga 15% diskon,True,6-C8EAUEM2C3XAEX
Spice Queen by netta - Kerobokan Kelod,Spice Queen By Netta,Kerobokan Kelod,,,,"['Masakan India', 'Sup', 'Siomay']","Jl. Petitenget No. 115, Kerobokan Kelod, Kuta Utara, Badung. Di Dekat Tasmi Tasmo Cv, 80361",Bali,Diskon 50%; Diskon Rp30.000; Diskon pengantaran Rp5.000; Diskon pengantaran Rp4.000; Diskon Rp10.000,False,6-C8B3A76DTK2FE6
Indian Wok & Grill - Seminyak,Indian Wok & Grill,Seminyak,https://food.grab.com/id/en/restaurant/indian-wok-grill-seminyak-delivery/6-C76XNZLCLEW3C6,,,['Masakan India'],"Jl. Raya Kerobokan, Burn Smash Burger Indian food, Kerobokan Kelod, Kuta Utara, Badung, Bali, 80361",Bali,Diskon 50%; Diskon Rp30.000; Diskon Rp10.000; Diskon Rp20.000; Diskon Rp25.000,True,6-C76XNZLCLEW3C6
Warung Darlin' Special Nasi Uduk - Kerobokan Kelod,Warung Darlin' Special Nasi Uduk,Kerobokan Kelod,https://food.grab.com/id/en/restaurant/warung-darlin-special-nasi-uduk-kerobokan-kelod-delivery/6-C8CHVUADV76HUE,,,['Masakan Betawi'],"Jl. Merta Agung No. 55X, Kerobokan Kelod, Kuta Utara, Badung. Warung Darlin, 80361",Bali,Diskon 50%; Diskon Rp30.000; Diskon Rp10.000; Diskon Rp20.000; Diskon Rp25.000,True,6-C8CHVUADV76HUE
ketoprak jakarta masse 02 - Ungasan,Ketoprak Jakarta Masse 02,Ungasan,https://food.grab.com/id/en/restaurant/ketoprak-jakarta-masse-02-ungasan-delivery/6-C8DVTGKHHBCBNE,,,"['Masakan Betawi', 'Tahu']","Jl. Uluwatu No. 100, Ungasan, Kuta Selatan, Badung. Dekat Bebek Amel Surabaya Cabang Ungasan Ungasan, 80361",Bali,Diskon 50%; Diskon pengantaran Rp5.000; Diskon pengantaran Rp4.000,True,6-C8DVTGKHHBCBNE
Turkish Kebab_ The yolcu - Kerobokan Kelod,Turkish Kebab_ The yolcu,Kerobokan Kelod,https://food.grab.com/id/en/restaurant/turkish-kebab_-the-yolcu-kerobokan-kelod-delivery/6-C8CYLJX1ECKFAJ,,,"['Masakan Turki', 'Shawarma', 'Kebab', 'Wrap']","Jl. Petitenget No.69, Set Point Seminyak, Kerobokan Kelod, Kuta Utara, Badung, Bali, 80361",Bali,Diskon Rp15.000; Diskon 40%; Diskon 50%; Diskon 30%; Diskon pengantaran Rp5.000,True,6-C8CYLJX1ECKFAJ
The Resto Wrap And Salad - Kerobokan Kelod,The Resto Wrap And Salad,Kerobokan Kelod,https://food.grab.com/id/en/restaurant/the-resto-wrap-and-salad-kerobokan-kelod-delivery/6-C72FA4DGCJJBEN,,,"['Masakan Turki', 'Kebab']","Jl. Merta Sari, Gg. Mangga Besar, No. 23, Kerobokan Kelod, Kuta Utara, Badung. Near Diyan Tempong - Kerobokan Kelod, Kost Nomer 22, 80361",Bali,Diskon 50%; Diskon Rp30.000; Diskon Rp10.000; Diskon Rp20.000; Diskon Rp25.000,True,6-C72FA4DGCJJBEN
Cemal cemil kak Kin - Kerobokan Kelod,Cemal Cemil Kak Kin,Kerobokan Kelod,https://food.grab.com/id/en/restaurant/cemal-cemil-kak-kin-kerobokan-kelod-delivery/6-C8CGWFCHVPLUTA,,,"['Masakan Turki', 'Sate']","Jl. Intan Permai No. 9, Kerobokan Kelod, Kuta Utara, Badung, 80361",Bali,Diskon 50%; Diskon Rp30.000; Diskon Rp10.000; Diskon Rp20.000; Diskon Rp25.000,True,6-C8CGWFCHVPLUTA
SatuINDONESIA Kebuli - Kerobokan Kelod,Satuindonesia Kebuli,Kerobokan Kelod,https://food.grab.com/id/en/restaurant/satuindonesia-kebuli-kerobokan-kelod-delivery/6-C8ADVVDCEY3UEE,,,"['Masakan Aceh', 'Nasi Goreng']","Jl. Merta Sari Gg. Mangga Besar No. 23 Rt. 999 / Rw. 999, Kerobokan Kelod, Kuta Utara, Badung. Dewata Law Firm Kerobokan Kelod, 80361",Bali,Diskon 50%; Diskon Rp30.000; Diskon Rp10.000; Diskon Rp20.000; Diskon Rp25.000,True,6-C8ADVVDCEY3UEE
