name,grabfood_url,grab_rating,grab_votes,cuisine,address,open_hours,grab_ads,grab_ads_preferred_count,grab_merchant_id
Mr.Smash Burger - Canggu,https://food.grab.com/id/en/restaurant/mr-smash-burger-canggu-delivery/6-C6EFDAWCCKN3L6,4.6,5968,Western; Burger; Fried Chicken,,00:00-06:00 07:00-23:59,no,0,6-C6EFDAWCCKN3L6
UNIBOWL POKEBOWL BALI - Kerobokan Kelod,https://food.grab.com/id/en/restaurant/unibowl-pokebowl-bali-kerobokan-kelod-delivery/6-CZCAT2NYKETALT,4.8,5143,Balinese; Poke Bowl; Fresh Juice,"Jl. Bumbak No. 17 (Sebelah kanan Apotek Bumbak Medika), Kerobokan, Kerobokan Kelod, Kuta Utara, Badung, Bali 80361, Badung, 80361",11:30-21:00,yes,1,6-CZCAT2NYKETALT
Roman Pizza & Pasta Canggu - Canggu,https://food.grab.com/id/en/restaurant/roman-pizza-pasta-canggu-canggu-delivery/6-C3LEVJBKL4MXEE,4.7,4595,Western; Pizza,,09:30-23:30,yes,3,6-C3LEVJBKL4MXEE
Ayam Bakar Tulang Lunak Bu Rahayu - Tibubeneng,https://food.grab.com/id/en/restaurant/ayam-bakar-tulang-lunak-bu-rahayu-tibubeneng-delivery/6-CZK2E7NDHGAHJN,4.8,4517,Southeast Asian; Grilled Chicken; Fried Chicken; Grilled Chicken,,10:00-22:00,yes,3,6-CZK2E7NDHGAHJN
UNIBOWL PERERENAN POKEBOWL - Pererenan,https://food.grab.com/id/en/restaurant/unibowl-pererenan-pokebowl-pererenan-delivery/6-C6CTNJ5BAPKTGJ,4.8,3969,Poke Bowl; Salad,,12:00-21:30,yes,1,6-C6CTNJ5BAPKTGJ
Sedasa Cafe - Canggu,https://food.grab.com/id/en/restaurant/sedasa-cafe-canggu-delivery/6-CZEUUFXGN23TKE,4.8,3950,Fried Rice,,09:00-21:30,no,0,6-CZEUUFXGN23TKE
Nasi Goreng Blitar - Canggu,https://food.grab.com/id/en/restaurant/nasi-goreng-blitar-canggu-delivery/6-C23UAJWVBFTDCJ,4.4,3901,Fried Rice,,00:00-23:59,yes,1,6-C23UAJWVBFTDCJ
Hungry Hunt Burger and Hotdog - Canggu,https://food.grab.com/id/en/restaurant/hungry-hunt-burger-and-hotdog-canggu-delivery/6-CY5CEBU3L6BKEX,4.7,3768,Burger; Beef Burger; Hot Dog,,00:00-23:59,yes,1,6-CY5CEBU3L6BKEX
Openhouse Cafe - Canggu,https://food.grab.com/id/en/restaurant/openhouse-cafe-canggu-delivery/6-C6THSGJEUEMBGX,4.7,3629,Pizza; Burger; Fried Rice,,08:00-22:00,no,0,6-C6THSGJEUEMBGX
Iam Bakar Mager - Pererenan,https://food.grab.com/id/en/restaurant/iam-bakar-mager-pererenan-delivery/6-C3CARTLZHBJVSE,4.8,3595,Grilled Chicken; Fried Chicken; Honey Grilled Chicken,,08:00-22:30,yes,10,6-C3CARTLZHBJVSE
Santorini Greek Restaurant - Canggu,https://food.grab.com/id/en/restaurant/santorini-greek-restaurant-canggu-delivery/6-C2CUT242RP4JTT,4.7,2852,Greek; Grilled Chicken; Fresh Juice; Fries,,09:00-23:30,yes,1,6-C2CUT242RP4JTT
Dian Store - Canggu,https://food.grab.com/id/en/restaurant/dian-store-canggu-delivery/6-C4KKRY4AUATXTN,4.6,2809,Minimarket,,00:00-23:59,no,0,6-C4KKRY4AUATXTN
HoiAn By MeVui - Canggu,https://food.grab.com/id/en/restaurant/hoian-by-mevui-canggu-delivery/6-C26FCZBGJKWTET,4.7,2638,Soup; Vietnamese; Banh Mi; Pho,"Jl. Padang Lingjong No. 99 RT. 999 / RW. 999, Canggu, Kuta Utara, Badung, Badung, 80361",10:00-21:30,no,0,6-C26FCZBGJKWTET
VECCHIA TANA - PIZZA & PASTA - Kerobokan Kelod,https://food.grab.com/id/en/restaurant/vecchia-tana-pizza-pasta-kerobokan-kelod-delivery/IDGFSTI00003f1p,4.8,2407,Italian; Pizza; Pasta,,08:15-22:30,no,0,IDGFSTI00003f1p
Pasta Dealer Umalas - Kerobokan,https://food.grab.com/id/en/restaurant/pasta-dealer-umalas-kerobokan-delivery/6-C22VNRKJMFM2GA,4.6,2386,Pasta; Italian; Pizza,,11:00-23:00,no,0,6-C22VNRKJMFM2GA
Dapur Jumbo Ayam Bakar - Kerobokan Kaja,https://food.grab.com/id/en/restaurant/dapur-jumbo-ayam-bakar-kerobokan-kaja-delivery/6-CZLCSENBDEJYJ2,4.7,2381,Grilled Chicken; Honey Grilled Chicken,,09:30-21:56,no,0,6-CZLCSENBDEJYJ2
WEI TO GO CHINESE - Tibubeneng,https://food.grab.com/id/en/restaurant/wei-to-go-chinese-tibubeneng-delivery/6-C2JBV2UYHE4BE2,4.8,2184,Chinese; Chicken Dish; Dumpling; Fried Rice,,00:00-00:50 10:00-23:59,yes,1,6-C2JBV2UYHE4BE2
911 Smash Burger - Canggu,https://food.grab.com/id/en/restaurant/911-smash-burger-canggu-delivery/6-C7TBE6WUTYKKDA,4.9,2074,Western; Burger,,00:00-03:00 12:00-23:59,no,0,6-C7TBE6WUTYKKDA
Prana Kitchen Healthy Food - Tibubeneng,https://food.grab.com/id/en/restaurant/prana-kitchen-healthy-food-tibubeneng-delivery/6-C4J1HGK3N33WR2,4.7,2039,Global; Healthy Salad; Poke Bowl; Salad,,00:00-23:59,yes,1,6-C4J1HGK3N33WR2
Babi Guling Men Lari - Canggu,https://food.grab.com/id/en/restaurant/babi-guling-men-lari-canggu-delivery/AWkjTUjVR-bAtZoKZ8oZ,4.8,2027,Pork Dish; Roasted Pork,,09:00-21:45,yes,3,AWkjTUjVR-bAtZoKZ8oZ
"Only Eggs (Healthy Breakfast, Scramble, Omelette), - Canggu",https://food.grab.com/id/en/restaurant/only-eggs-healthy-breakfast-scramble-omelette-canggu-delivery/6-C6T3R2LKDGJYCT,4.7,1996,Western; Healthy Salad; Breakfast; Egg Dish,,00:00-23:59,no,0,6-C6T3R2LKDGJYCT
Ayam Bakar Mak Nyus - Canggu,https://food.grab.com/id/en/restaurant/ayam-bakar-mak-nyus-canggu-delivery/6-C23YAYL3UABJLT,4.3,1965,Grilled Chicken; Honey Grilled Chicken,,00:00-23:59,yes,9,6-C23YAYL3UABJLT
Nasi Goreng Rice Chicken Opi Warung Pujasera - Kerobokan Kelod,https://food.grab.com/id/en/restaurant/nasi-goreng-rice-chicken-opi-warung-pujasera-kerobokan-kelod-delivery/6-C2NXCP2HRPJHAT,4.5,1958,Fried Rice; Chicken Dish; Rice,,00:00-23:59,yes,1,6-C2NXCP2HRPJHAT
7AM Bakers - Umalas,https://food.grab.com/id/en/restaurant/7am-bakers-umalas-delivery/6-C2LHNTTAMEMUN6,4.7,1948,Western; Bakery; Coffee; Dessert,,07:00-19:00,no,0,6-C2LHNTTAMEMUN6
Pressed Cafe And Mylk Store - Canggu,https://food.grab.com/id/en/restaurant/pressed-cafe-and-mylk-store-canggu-delivery/6-C4NKAP4BNNTWAN,4.7,1919,Western; Coffee; Bakery; Smoothie Bowl,,06:00-23:30,yes,1,6-C4NKAP4BNNTWAN
Bakso Iga Canggu - Tibubeneng,https://food.grab.com/id/en/restaurant/bakso-iga-canggu-tibubeneng-delivery/6-C2CFLAXBL7B1TX,4.6,1895,Meatball; Beef Rib Soup,,10:00-21:55,yes,1,6-C2CFLAXBL7B1TX
Babi Guling Swari - Canggu,https://food.grab.com/id/en/restaurant/babi-guling-swari-canggu-delivery/6-C2NYEF2HHFWAKE,4.7,1881,Balinese; Pork Dish; Fried Rice,,09:00-20:45,yes,1,6-C2NYEF2HHFWAKE
Happy Ricebowl - Canggu,https://food.grab.com/id/en/restaurant/happy-ricebowl-canggu-delivery/6-C4AFAYMAVE3WTE,4.7,1838,Rice Bowl; Beef Dish,,07:30-23:00,yes,2,6-C4AFAYMAVE3WTE
Rice Republic Bali - Canggu,https://food.grab.com/id/en/restaurant/rice-republic-bali-canggu-delivery/6-C363T6XJLUC1NT,4.5,1713,Thai; Fried Rice; Noodle; Rice Bowl,,00:00-23:59,yes,11,6-C363T6XJLUC1NT
Famous rice bowl berawa - Tibubeneng,https://food.grab.com/id/en/restaurant/famous-rice-bowl-berawa-tibubeneng-delivery/6-C34XEKLAR2AJVX,4.7,1691,Rice Bowl; Fried Rice; Chicken Rice,,00:00-23:59,yes,1,6-C34XEKLAR2AJVX
Superfood Canggu - Canggu,https://food.grab.com/id/en/restaurant/superfood-canggu-canggu-delivery/6-C2UVWAKZA6KXV6,4.5,1683,Wrap,,07:15-21:45,yes,1,6-C2UVWAKZA6KXV6
Pasta Bar - Tibubeneng,https://food.grab.com/id/en/restaurant/pasta-bar-tibubeneng-delivery/6-C2CHN32KHEDUAX,4.7,1681,Western; Pasta; Pizza,"Jl. Tegal Sari No.3, Tibubeneng, Kuta Utara, Bali, Badung, 80361",00:00-03:00 11:30-23:59,yes,4,6-C2CHN32KHEDUAX
OTTOMAN THE REAL TURKISH KEBAB - Tibubeneng,https://food.grab.com/id/en/restaurant/ottoman-the-real-turkish-kebab-tibubeneng-delivery/6-C3NVGU6TWGKEVJ,4.2,1673,Middle Eastern; Kebab; Shawarma,,00:00-23:59,no,0,6-C3NVGU6TWGKEVJ
Il Forno Pizzeria Pizza - Tibubeneng,https://food.grab.com/id/en/restaurant/il-forno-pizzeria-pizza-tibubeneng-delivery/6-C4MTVCKKPA33R6,4.6,1621,Western; Pizza; Pasta,"Jl. Raya Semat Gg. Jalak XXI, Samping Warung Oemge dan Happy Cell , Canggu, Kuta Utara, Badung, Bali, 80361",00:00-04:00 10:00-23:59,yes,2,6-C4MTVCKKPA33R6
Veganlicious Smoothie Bowls - Berawa,https://food.grab.com/id/en/restaurant/veganlicious-smoothie-bowls-berawa-delivery/6-C3DKVGNDMET2BE,4.8,1589,Smoothie; Juice,,06:30-22:30,no,0,6-C3DKVGNDMET2BE
"Healthy Fit (Bowl, Pasta, Salad, Wrap), Bali - Canggu",https://food.grab.com/id/en/restaurant/healthy-fit-bowl-pasta-salad-wrap-bali-canggu-delivery/6-C65ZV62KVNEDPE,4.7,1574,Global; Salad; Chicken Salad; Poke Bowl,"Jl. Kubu Manyar No. 26 (Lima Spa Canggu), Canggu, Kuta Utara, Badung, Bali, 80363",00:00-23:59,yes,1,6-C65ZV62KVNEDPE
Nostimo Greek Grill - Canggu,https://food.grab.com/id/en/restaurant/nostimo-greek-grill-canggu-delivery/6-C63UJN23L3MTRE,4.8,1480,Greek; Salad; Wrap,,00:00-02:00 07:30-23:59,no,0,6-C63UJN23L3MTRE
Island Wok - Berawa,https://food.grab.com/id/en/restaurant/island-wok-berawa-delivery/6-C3T1RUU3N4KJT6,4.8,1473,Chinese; Beef Dish; Pad Thai,,10:00-23:59,yes,1,6-C3T1RUU3N4KJT6
La Cucina Pizza & Pasta - Umalas,https://food.grab.com/id/en/restaurant/la-cucina-pizza-pasta-umalas-delivery/6-C7DWUF6DEADJT2,4.6,1465,Western; Pizza; Pasta,,00:00-04:00 13:30-23:59,yes,1,6-C7DWUF6DEADJT2
UMAH THALI - Pererenan,https://food.grab.com/id/en/restaurant/umah-thali-pererenan-delivery/6-C32EWGKTBFKDAJ,4.5,1455,Indian; Curry,,11:00-22:30,no,0,6-C32EWGKTBFKDAJ
Domino's Pizza - Canggu Bali,https://food.grab.com/id/en/restaurant/domino-s-pizza-canggu-bali-delivery/6-C7ETGFJVGPXXEE,4.4,1421,Western; Pizza,"Jl. Pantai Berawa No.150A, Tibubeneng, Kuta Utara, Badung, 80361",10:00-23:59,yes,1,6-C7ETGFJVGPXXEE
Happy Mie - Kerobokan,https://food.grab.com/id/en/restaurant/happy-mie-kerobokan-delivery/IDGFSTI00003aw8,4.7,1411,Fried Noodle; Fried Rice; Noodle,,10:00-20:30,yes,1,IDGFSTI00003aw8
Pizza Fabbrica - Canggu,https://food.grab.com/id/en/restaurant/pizza-fabbrica-canggu-delivery/AWkuh69ZcEjWIUmPtDH2,4.8,1408,Italian; Pizza; Pasta,,11:00-23:30,yes,2,AWkuh69ZcEjWIUmPtDH2
Nanasans Tandoori Kitchen - Tibubeneng,https://food.grab.com/id/en/restaurant/nanasans-tandoori-kitchen-tibubeneng-delivery/6-C3DJGCL1BBUCUA,4.7,1373,Indian; Biryani,"Jl. Raya Canggu No. 10c (Disebelah Citra Mulya Plastik Canggu), Tibubeneng, Kuta Utara, Badung, Badung, 80361",00:00-01:45 12:00-23:59,no,0,6-C3DJGCL1BBUCUA
The Butter Beats Indian Restaurant & Bar - Kerobokan Kelod,https://food.grab.com/id/en/restaurant/the-butter-beats-indian-restaurant-bar-kerobokan-kelod-delivery/6-C4KVTX5KJNTDCN,4.2,1370,Indian; Biryani; Curry,"Jl. Kayu Jati No. 5A (Disebelah Lotus Massage Therapy Seminyak), Kerobokan Kelod, Kuta Utara, Badung, 80361",00:00-03:30 10:00-23:59,no,0,6-C4KVTX5KJNTDCN
Joy Smash Burger - Canggu,https://food.grab.com/id/en/restaurant/joy-smash-burger-canggu-delivery/6-C7JZHFTFLFWZNT,4.8,1369,Burger,,00:00-04:45 11:30-23:59,yes,1,6-C7JZHFTFLFWZNT
Health Fuel - Pererenan,https://food.grab.com/id/en/restaurant/health-fuel-pererenan-delivery/6-C6VTUCC3LLKECE,4.7,1336,Western; Healthy Salad; Salad; Juice,,08:00-23:59,no,0,6-C6VTUCC3LLKECE
Tonys New York Pizza - Canggu,https://food.grab.com/id/en/restaurant/tonys-new-york-pizza-canggu-delivery/6-C33VNE5JGUBKNX,4.7,1286,Western; Pizza,,11:00-23:45,no,0,6-C33VNE5JGUBKNX
Noge Street Pizza - Tibubeneng,https://food.grab.com/id/en/restaurant/noge-street-pizza-tibubeneng-delivery/6-CYJ2TBLDERNVCX,4.4,1278,Italian; Pizza; Pork Dish,,00:00-02:00 10:00-23:59,yes,3,6-CYJ2TBLDERNVCX
Dang Cookies - Canggu,https://food.grab.com/id/en/restaurant/dang-cookies-canggu-delivery/6-C261FGNHSGECGT,4.9,1261,Cookie; Dessert; Cake,,09:00-23:59,no,0,6-C261FGNHSGECGT
Smash Burger NYC - Canggu,https://food.grab.com/id/en/restaurant/smash-burger-nyc-canggu-delivery/6-C8DKNCDXWBWXMA,5,1259,International,,00:00-03:00 12:00-23:59,yes,1,6-C8DKNCDXWBWXMA
Feel Food Cafe - Canggu,https://food.grab.com/id/en/restaurant/feel-food-cafe-canggu-delivery/6-C34WVZLYRCKFLE,4.7,1254,Western; Crepe; Dumpling; Baked Potato,,00:00-23:59,no,0,6-C34WVZLYRCKFLE
Nasi Goreng Dan Kwetiau Zie Boba - Canggu,https://food.grab.com/id/en/restaurant/nasi-goreng-dan-kwetiau-zie-boba-canggu-delivery/6-C23TVJ4GTLMKNA,4.3,1237,Fried Rice; Rice Dish; Grilled Chicken,,00:00-23:59,yes,2,6-C23TVJ4GTLMKNA
Island Bagels - Berawa,https://food.grab.com/id/en/restaurant/island-bagels-berawa-delivery/6-CYUGSELYEY4TGJ,4.9,1224,Bakery; Coffee; Wrap,,08:00-23:59,no,0,6-CYUGSELYEY4TGJ
DIAN HOME CAFE - Canggu,https://food.grab.com/id/en/restaurant/dian-home-cafe-canggu-delivery/6-C2EZPFLTTJJCAN,4.2,1203,Dessert; Pork Dish,,07:00-23:00,yes,1,6-C2EZPFLTTJJCAN
MIXUE - Raya Canggu,https://food.grab.com/id/en/restaurant/mixue-raya-canggu-delivery/6-C4N2JUKDLE2VPA,4.8,1199,Ice Cream; Dessert; Beverage,,10:00-22:00,no,0,6-C4N2JUKDLE2VPA
Tender Leaf Canteen - Tibubeneng,https://food.grab.com/id/en/restaurant/tender-leaf-canteen-tibubeneng-delivery/6-C4KZFF42EN2VGT,4.9,1162,Soup; Western; Healthy Salad; Wrap,,09:00-22:50,no,0,6-C4KZFF42EN2VGT
"SANCHEZ MEXICAN - Burritos, tacos, nachos - Kerobokan Kelod",https://food.grab.com/id/en/restaurant/sanchez-mexican-burritos-tacos-nachos-kerobokan-kelod-delivery/6-C3EUNYLAGF5VEE,4.5,1156,Mexican; Taco; Burrito,"Jl. Umalas II No. 26  (Sebelah Remix Juice Bali), Kerobokan Kelod, Kuta Utara, Badung, Badung, 80361",00:00-23:59,yes,1,6-C3EUNYLAGF5VEE
Sushimi Sushi Berawa - Tibubeneng,https://food.grab.com/id/en/restaurant/sushimi-sushi-berawa-tibubeneng-delivery/6-C2T3JBNKR6UALJ,4.7,1152,Japanese; Sushi; Sashimi,,11:00-23:00,no,0,6-C2T3JBNKR6UALJ
Taco Kitchen - Pererenan,https://food.grab.com/id/en/restaurant/taco-kitchen-pererenan-delivery/6-C3WYE74ZAFWUTT,4.5,1139,Mexican; Taco; Burrito,,00:00-23:59,yes,1,6-C3WYE74ZAFWUTT
Amy Wong Chinese Comfort Food -  Tibubeneng,https://food.grab.com/id/en/restaurant/amy-wong-chinese-comfort-food-tibubeneng-delivery/6-C2MDCTMFAN4ANJ,4.6,1130,Chinese; Chicken Porridge; Chicken Soup; Kway Teow,,10:00-21:00,no,0,6-C2MDCTMFAN4ANJ
Nusantara rice bowl - Tibubeneng,https://food.grab.com/id/en/restaurant/nusantara-rice-bowl-tibubeneng-delivery/6-C6JVLJACTCLJEX,4.7,1115,Rice Bowl; Fried Rice; Chicken Dish,,00:00-23:59,yes,1,6-C6JVLJACTCLJEX
Taco Island Bali - Canggu,https://food.grab.com/id/en/restaurant/taco-island-bali-canggu-delivery/6-C32AMBC1CN3UMA,4.7,1041,Mexican; Taco; Burrito,,00:00-01:45 10:00-23:59,no,0,6-C32AMBC1CN3UMA
Sate Ayam Ponorogo - Kerobokan Kelod,https://food.grab.com/id/en/restaurant/sate-ayam-ponorogo-kerobokan-kelod-delivery/6-CZDGNXE2GFNBLN,4.6,1039,Chicken Satay,"Jl. Raya Kerobokan No. 888 (Depan Buki Bali), Kerobokan Kelod, Kuta Utara, Badung, Badung, 80361",00:00-23:59,yes,2,6-CZDGNXE2GFNBLN
STREET Smash Burger - Kerobokan,https://food.grab.com/id/en/restaurant/street-smash-burger-kerobokan-delivery/6-C8DEJ2LWGN2DFA,5,1036,Western; Burger,,00:00-02:00 12:00-23:59,no,0,6-C8DEJ2LWGN2DFA
Cantina Classe - Canggu,https://food.grab.com/id/en/restaurant/cantina-classe-canggu-delivery/6-C4BYDB3EENMGGX,4.5,1035,Italian; Pizza; Pasta,,08:00-23:30,yes,1,6-C4BYDB3EENMGGX
Teman Jajanku - Kerobokan Kaja,https://food.grab.com/id/en/restaurant/teman-jajanku-kerobokan-kaja-delivery/6-C24ZRCC3TKE2EE,4.8,995,Indomie; Meatball,,00:00-23:59,no,0,6-C24ZRCC3TKE2EE
Love U Pizza - Tibubeneng,https://food.grab.com/id/en/restaurant/love-u-pizza-tibubeneng-delivery/6-C7T2V3VCAELCNJ,4.8,987,Western; Pizza; Fast Food; Sandwich,"Jl. Raya Canggu, Tibubeneng, Kuta Utara, Badung. New Shorcut, 80361",00:00-23:59,yes,1,6-C7T2V3VCAELCNJ
Papa Sauce - Tibubeneng,https://food.grab.com/id/en/restaurant/papa-sauce-tibubeneng-delivery/IDGFSTI00001pmw,4.4,977,Western; Soup; Chicken Soup,,00:00-23:59,no,0,IDGFSTI00001pmw
Pho Hwitta - Kerobokan,https://food.grab.com/id/en/restaurant/pho-hwitta-kerobokan-delivery/IDGFSTI00003as6,4.7,937,Vietnamese; Pho; Beef Dish; Pork Dish,,12:00-23:30,yes,2,IDGFSTI00003as6
Bon Appetit French Tacos - Pererenan,https://food.grab.com/id/en/restaurant/bon-appetit-french-tacos-pererenan-delivery/6-C7N3FADFCA2UFE,4.8,885,Taco; Western; Burrito; Fries,,00:00-04:00 11:00-23:59,yes,1,6-C7N3FADFCA2UFE
Esteh Indonesia - Canggu Bali,https://food.grab.com/id/en/restaurant/esteh-indonesia-canggu-bali-delivery/6-C3MBG6TEUCJHLA,4.9,862,Thai Tea,,09:00-22:00,no,0,6-C3MBG6TEUCJHLA
"Ghost Pasta, Grilled , Asian Fushion - Kerobokan Kaja",https://food.grab.com/id/en/restaurant/ghost-pasta-grilled-asian-fushion-kerobokan-kaja-delivery/6-C662HBVDCA2WEJ,4.4,850,Pasta; Italian; Steak; Beef Dish,"JI. Raya Gadon No. 105 (Sebelah Ganesha Education Bali, Near Ganesha), Kerobokan Kaja,  Kerobokan kaja, Badung,Bali, 80363",08:30-23:59,no,0,6-C662HBVDCA2WEJ
Warung Bu Mi - Canggu,https://food.grab.com/id/en/restaurant/warung-bu-mi-canggu-delivery/6-CYJ3FF4JJ6VHGT,4,849,Fried Chicken; Fried Rice; Pecel Rice,,10:00-20:00,no,0,6-CYJ3FF4JJ6VHGT
Juicy Protein Bar - Pererenan,https://food.grab.com/id/en/restaurant/juicy-protein-bar-pererenan-delivery/6-C6CZTEXHC35CRE,4.8,846,Western; Smoothie; Pancake; Wrap,,07:30-23:59,no,0,6-C6CZTEXHC35CRE
RICE ME - Canggu,https://food.grab.com/id/en/restaurant/rice-me-canggu-delivery/6-C32CEXDWGXMBAA,4.3,846,Fried Rice; Nasi Lemak; Beef Dish,,10:00-23:59,yes,2,6-C32CEXDWGXMBAA
555 Thai - Canggu,https://food.grab.com/id/en/restaurant/555-thai-canggu-delivery/6-CY4CNEXBC4DUR6,4.5,846,Thai; Pad Thai; Curry,,12:00-21:30,no,0,6-CY4CNEXBC4DUR6
The Roots Salad Bar - Canggu,https://food.grab.com/id/en/restaurant/the-roots-salad-bar-canggu-delivery/6-C3ETVX42CZNJFE,4.7,832,Western; Salad,,00:00-00:55 07:55-23:59,yes,3,6-C3ETVX42CZNJFE
Taco Casa - Canggu,https://food.grab.com/id/en/restaurant/taco-casa-canggu-delivery/6-CYWAJT3BJNC2VA,4.8,830,Mexican; Taco; Burrito,,09:45-21:45,no,0,6-CYWAJT3BJNC2VA
Bossman - Canggu,https://food.grab.com/id/en/restaurant/bossman-canggu-delivery/6-C4JDGZCELPWYTJ,4.6,824,Western; Burger,,00:00-04:40 11:00-23:59,no,0,6-C4JDGZCELPWYTJ
Burger Head - Canggu,https://food.grab.com/id/en/restaurant/burger-head-canggu-delivery/6-C643NN5KL7XCL6,4.7,817,Burger; Fried Chicken,,11:30-23:59,no,0,6-C643NN5KL7XCL6
Oh My Thai - Canggu,https://food.grab.com/id/en/restaurant/oh-my-thai-canggu-delivery/6-C2VFEEWJVFCVLE,4.5,808,Thai; Curry,,11:00-21:30,no,0,6-C2VFEEWJVFCVLE
"Protein Kitchen (Healthy, Kebab & Poke Bowl) - Canggu",https://food.grab.com/id/en/restaurant/protein-kitchen-healthy-kebab-poke-bowl-canggu-delivery/6-C6WVPAEHR2WULJ,4.6,804,Global; Healthy Salad; Grilled Chicken; Poke Bowl,,12:00-23:45,no,0,6-C6WVPAEHR2WULJ
Bali Burrito Club - Canggu,https://food.grab.com/id/en/restaurant/bali-burrito-club-canggu-delivery/6-C6XKBBDDNGKWV6,4.5,800,Mexican; Steak; Grilled Chicken; Coffee,,11:00-23:30,no,0,6-C6XKBBDDNGKWV6
Lalapan Ibu Yani - Canggu,https://food.grab.com/id/en/restaurant/lalapan-ibu-yani-canggu-delivery/6-C2BEV34JGY3XGE,3.9,799,Fried Rice,,00:00-23:59,yes,3,6-C2BEV34JGY3XGE
Nasi Lawar Ayam - Canggu,https://food.grab.com/id/en/restaurant/nasi-lawar-ayam-canggu-delivery/6-C2W2AGJEVGDWTA,4.9,797,Chicken Dish; Rice; Grilled Chicken,,07:30-22:00,no,0,6-C2W2AGJEVGDWTA
Fuji Fusion Japanese Restaurant - Canggu,https://food.grab.com/id/en/restaurant/fuji-fusion-japanese-restaurant-canggu-delivery/6-C33HCA3CJXA1JA,4.6,781,Japanese; Sushi; Ramen; Sashimi,,12:00-22:45,no,0,6-C33HCA3CJXA1JA
POPULAR - EXPRESS BERAWA KUTA UTARA,https://food.grab.com/id/en/restaurant/popular-express-berawa-kuta-utara-delivery/6-C4K3AU3FNXNZNX,4.8,773,Supermarket,,07:00-22:30,no,0,6-C4K3AU3FNXNZNX
Pressed Cafe Canggu Store - Canggu,https://food.grab.com/id/en/restaurant/pressed-cafe-canggu-store-canggu-delivery/6-C7CXEENFG6WJRJ,4.6,771,Global; Coffee; Wrap; Smoothie,,06:00-23:30,no,0,6-C7CXEENFG6WJRJ
Usha Cafe and Bakery - Kerobokan,https://food.grab.com/id/en/restaurant/usha-cafe-and-bakery-kerobokan-delivery/6-C2TANRJANJDCCN,4.6,760,Western; Cake; Coffee,,09:00-21:30,no,0,6-C2TANRJANJDCCN
Art of Sushi - Kerobokan,https://food.grab.com/id/en/restaurant/art-of-sushi-kerobokan-delivery/6-C4MVBE4ET62AGT,4.7,742,Sushi; Sashimi,,12:00-23:45,no,0,6-C4MVBE4ET62AGT
Roots - Pererenan,https://food.grab.com/id/en/restaurant/roots-pererenan-delivery/6-C32ZCGC2ELMCEJ,4.7,739,Global; Healthy Salad; Juice,,08:00-21:00,no,0,6-C32ZCGC2ELMCEJ
The Foundry - Berawa,https://food.grab.com/id/en/restaurant/the-foundry-berawa-delivery/6-C7U3RXEXRPLKA6,4.7,724,Western; Grilled Chicken; Mushroom; Rice,,00:00-03:30 09:00-23:59,no,0,6-C7U3RXEXRPLKA6
Warung Es Kelapa Muda - Tibubeneng,https://food.grab.com/id/en/restaurant/warung-es-kelapa-muda-tibubeneng-delivery/6-C2KTLP6VTLKTBA,4.8,724,Fresh Juice; Beverage; BBQ,,00:00-23:59,no,0,6-C2KTLP6VTLKTBA
Warung Babi Guling Melem - Kerobokan,https://food.grab.com/id/en/restaurant/warung-babi-guling-melem-kerobokan-delivery/6-C6LTVLEFRJB1LT,4.8,720,Pork Dish; Roasted Pork,"Jl. Raya Kerobokan, (Di Dekat Klinik Dwi Karya Usadha), Kerobokan, Kuta Utara, Badung, 80361",10:00-23:59,yes,3,6-C6LTVLEFRJB1LT
L Osteria Pizza E Cucina - Tibubeneng,https://food.grab.com/id/en/restaurant/l-osteria-pizza-e-cucina-tibubeneng-delivery/6-C22ZAY4VGKV2CX,4.8,715,Pasta; Western; Pizza,,12:00-22:30,no,0,6-C22ZAY4VGKV2CX
Warung Sate Pak Firman - Kerobokan Kaja,https://food.grab.com/id/en/restaurant/warung-sate-pak-firman-kerobokan-kaja-delivery/6-C3BKWB2FHAK2CA,4.8,712,Satay; Meatball,,14:30-23:59,yes,1,6-C3BKWB2FHAK2CA
Protein Pals - Protein Pals - Tibubeneng,https://food.grab.com/id/en/restaurant/protein-pals-protein-pals-tibubeneng-delivery/6-C7D1CNJZEK32EN,4.8,706,Western; Salad; Smoothie; Grilled Chicken,,00:00-23:59,no,0,6-C7D1CNJZEK32EN
Margaret Bistro - Tibubeneng,https://food.grab.com/id/en/restaurant/margaret-bistro-tibubeneng-delivery/6-C6NVG3CUL6LUA6,4.7,682,Italian; Pizza; Pasta; Coffee,,08:00-23:45,no,0,6-C6NVG3CUL6LUA6
Shaman Lavash ( Kebab & Shawarma ) bistro - Canggu,https://food.grab.com/id/en/restaurant/shaman-lavash-kebab-shawarma-bistro-canggu-delivery/6-C6AKR63WAK2KHE,4.6,678,Arabian; Kebab; Shawarma; Wrap,,12:00-23:59,no,0,6-C6AKR63WAK2KHE
The Avocado Factory - Canggu,https://food.grab.com/id/en/restaurant/the-avocado-factory-canggu-delivery/IDGFSTI0000269w,4.7,675,Western; Fresh Juice; Salad; Coffee,,07:00-22:00,no,0,IDGFSTI0000269w
Ika Sushi - Canggu,https://food.grab.com/id/en/restaurant/ika-sushi-canggu-delivery/6-C4J1E8C2RYXTC6,4.7,660,Japanese; Sushi; Sashimi,,00:00-03:00 12:00-23:59,no,0,6-C4J1E8C2RYXTC6
Tomsc Chicken - Tibubeneng,https://food.grab.com/id/en/restaurant/tomsc-chicken-tibubeneng-delivery/6-C4AKL8BERUJGVJ,4.6,645,Fried Chicken; Chicken Dish,,00:00-23:59,no,0,6-C4AKL8BERUJGVJ
UNCLE'S - French Tacos - Kerobokan,https://food.grab.com/id/en/restaurant/uncle-s-french-tacos-kerobokan-delivery/6-C8EHRUTHAELVTT,5,643,Taco; Wrap,,00:00-02:00 12:00-23:59,yes,1,6-C8EHRUTHAELVTT
Ayam Tulang Lunak Bu Lik - Tibubeneng,https://food.grab.com/id/en/restaurant/ayam-tulang-lunak-bu-lik-tibubeneng-delivery/6-C3NZARCFTKE3BA,4.8,632,Smashed Fried Chicken; Smashed Fried Chicken; Grilled Chicken,,10:00-21:00,yes,2,6-C3NZARCFTKE3BA
SIA SEAFOOD GRILL and BAR - Canggu,https://food.grab.com/id/en/restaurant/sia-seafood-grill-and-bar-canggu-delivery/6-C6VYFAEBWBCWGT,4.5,628,Global; Seafood Dish; BBQ; Grilled Fish,"Jl. Subak Canggu (Di Dekat Oka'S Day Spa & Salon), Canggu, Kuta Utara, Badung, 80361",09:00-22:30,yes,1,6-C6VYFAEBWBCWGT
MACARONI PASTA BALI - Canggu,https://food.grab.com/id/en/restaurant/macaroni-pasta-bali-canggu-delivery/6-C4MUA7BXCKVWEE,4.5,613,Pasta; European; Cheese Dish; Dessert,,00:00-00:50 11:00-23:59,no,0,6-C4MUA7BXCKVWEE
LE MONDE - FRENCH TACOS - CANGGU - Tibubeneng,https://food.grab.com/id/en/restaurant/le-monde-french-tacos-canggu-tibubeneng-delivery/6-C7DZLKE1NLEWSE,4.5,612,Taco; Western; Sandwich,,00:00-06:00 11:00-23:59,yes,1,6-C7DZLKE1NLEWSE
Chow Chow - Canggu,https://food.grab.com/id/en/restaurant/chow-chow-canggu-delivery/6-C3CUNJWFRBMHTA,4.6,611,Japanese; Sushi; Ramen,,11:00-23:30,yes,10,6-C3CUNJWFRBMHTA
Te Amo - Canggu,https://food.grab.com/id/en/restaurant/te-amo-canggu-delivery/6-C6EXLLNAL8MXV6,4.6,608,Italian; Pizza; Beef Dish,,08:00-23:20,yes,1,6-C6EXLLNAL8MXV6
Draniki - Pererenan,https://food.grab.com/id/en/restaurant/draniki-pererenan-delivery/6-C6BVGZN2UF43A6,4.6,601,Russian; Pancake; Burger; Smoothie,,08:00-21:30,no,0,6-C6BVGZN2UF43A6
Il Forno Pizzeria Pizza - Canggu,https://food.grab.com/id/en/restaurant/il-forno-pizzeria-pizza-canggu-delivery/6-C63HUAMTEF3TEN,4.6,594,Western; Pizza,,00:00-02:00 12:00-23:59,no,0,6-C63HUAMTEF3TEN
Dian Fresh Mart - Canggu,https://food.grab.com/id/en/restaurant/dian-fresh-mart-canggu-delivery/6-C6ECKAEGRTCVPE,4.7,593,Fruits & Veggies,,00:00-23:59,no,0,6-C6ECKAEGRTCVPE
MOON LOUNGE - Tibubeneng,https://food.grab.com/id/en/restaurant/moon-lounge-tibubeneng-delivery/6-C65UT2UYJ6AGFE,4.7,593,Global; Roll; Japanese Dish; Sushi Roll,,00:00-02:00 12:00-23:59,yes,1,6-C65UT2UYJ6AGFE
Cafe Vida - Canggu,https://food.grab.com/id/en/restaurant/cafe-vida-canggu-delivery/6-CYWBEF4CRKK3CA,4.6,592,Coffee; Salad; Juice,,07:30-21:55,no,0,6-CYWBEF4CRKK3CA
VITALIKA Juice and Health Bar - Pererenan,https://food.grab.com/id/en/restaurant/vitalika-juice-and-health-bar-pererenan-delivery/6-C63CKGKEC8CFLE,4.9,587,Western; Juice; Smoothie; Fresh Juice,,07:00-23:00,yes,3,6-C63CKGKEC8CFLE
Garlic Kitchen - Canggu,https://food.grab.com/id/en/restaurant/garlic-kitchen-canggu-delivery/6-C2W1ELEGJEUXRE,4.1,582,Middle Eastern; Pasta; Pizza; Pork Dish,,07:00-23:00,yes,5,6-C2W1ELEGJEUXRE
TaTa All-Day Cafe - Pererenan,https://food.grab.com/id/en/restaurant/tata-all-day-cafe-pererenan-delivery/6-C6T1EXTJVJVDJJ,4.7,561,Coffee; Egg Dish; Grilled Chicken,,06:30-22:00,no,0,6-C6T1EXTJVJVDJJ
Deli Kitchen - Canggu,https://food.grab.com/id/en/restaurant/deli-kitchen-canggu-delivery/IDGFSTI00000q9v,4.4,561,Western; Pork Dish; Rice Bowl; Pizza,,08:00-22:00,no,0,IDGFSTI00000q9v
OGGI PASTA - CANGGU,https://food.grab.com/id/en/restaurant/oggi-pasta-canggu-delivery/6-C7JXJP3FGGCKEA,4.4,545,Pasta; Italian,,08:00-21:30,no,0,6-C7JXJP3FGGCKEA
Putri Fresh Organic - Pererenan,https://food.grab.com/id/en/restaurant/putri-fresh-organic-pererenan-delivery/6-C2VFRE2YAVMVV2,4.8,542,Fruits & Veggies,,07:00-22:00,no,0,6-C2VFRE2YAVMVV2
"Greenly (Healthy, Salad, Bowl, Juice) - Canggu",https://food.grab.com/id/en/restaurant/greenly-healthy-salad-bowl-juice-canggu-delivery/6-C723DA42FA5BJN,4.8,541,Western; Healthy Salad; Beverage; Chicken Dish,,08:00-22:00,no,0,6-C723DA42FA5BJN
SISTA Dumpling Berawa - Tibubeneng,https://food.grab.com/id/en/restaurant/sista-dumpling-berawa-tibubeneng-delivery/6-CZDEHEJDRYDTRA,4.5,541,Chinese; Pork Dish; Beef Dish,,11:00-23:00,no,0,6-CZDEHEJDRYDTRA
Mani Mart - Canggu,https://food.grab.com/id/en/restaurant/mani-mart-canggu-delivery/6-C243E4NHRX41BA,4.9,538,Minimarket,,00:00-00:50 08:00-23:59,no,0,6-C243E4NHRX41BA
Bubur Ayam Jakarta 234 - Tibubeneng,https://food.grab.com/id/en/restaurant/bubur-ayam-jakarta-234-tibubeneng-delivery/6-CZLYVU2ZTN6GAA,4.9,538,Chicken Porridge; Porridge; Chicken Soup,,06:30-13:00 17:30-23:30,no,0,6-CZLYVU2ZTN6GAA
Nena Cafe Kebab And Shawarma - Berawa,https://food.grab.com/id/en/restaurant/nena-cafe-kebab-and-shawarma-berawa-delivery/6-C3MZABN3TNM3KE,4.5,536,BBQ; Arabian; Kebab; Shawarma,,00:00-23:59,yes,1,6-C3MZABN3TNM3KE
KUNS DRINK - Canggu,https://food.grab.com/id/en/restaurant/kuns-drink-canggu-delivery/6-C4KJABLBKCLVLN,5,534,21+ Product,,05:00-23:59,no,0,6-C4KJABLBKCLVLN
ACK - Canggu,https://food.grab.com/id/en/restaurant/ack-canggu-delivery/6-C25GBFLYEZEBME,4.8,531,Chicken Dish; Fried Chicken,,08:00-22:45,no,0,6-C25GBFLYEZEBME
Ubud Kitchen Juice Bar - Berawa,https://food.grab.com/id/en/restaurant/ubud-kitchen-juice-bar-berawa-delivery/6-C4JTL6EEEU6KSA,4.9,530,Balinese; Juice; Smoothie; Fresh Juice,,06:00-23:00,no,0,6-C4JTL6EEEU6KSA
Warung Ramadhan - Tibubeneng,https://food.grab.com/id/en/restaurant/warung-ramadhan-tibubeneng-delivery/6-CY21J2NCFFCZCX,4.8,526,Fried Rice; Meatball; Nasi Lemak,,11:00-23:00,no,0,6-CY21J2NCFFCZCX
Smokey`s Protein Smoothies Nelayan - Canggu,https://food.grab.com/id/en/restaurant/smokey-s-protein-smoothies-nelayan-canggu-delivery/6-C34VC62VNU2ATA,4.9,523,Global; Smoothie; Fresh Juice,,07:30-20:00,no,0,6-C34VC62VNU2ATA
Dodo Pizza - Canggu,https://food.grab.com/id/en/restaurant/dodo-pizza-canggu-delivery/6-C6WBDFWDRUDVR6,4.5,520,Pizza & Pasta,,10:00-23:59,yes,4,6-C6WBDFWDRUDVR6
Marroosh Resto Cafe Authentic Lebanese Cuisine - Canggu,https://food.grab.com/id/en/restaurant/marroosh-resto-cafe-authentic-lebanese-cuisine-canggu-delivery/6-C4NDT8AUHFWEEA,4.7,518,Lebanese; Shawarma,,00:00-01:30 10:30-23:59,yes,1,6-C4NDT8AUHFWEEA
Anaga Authentic Thai Cuisine - Canggu,https://food.grab.com/id/en/restaurant/anaga-authentic-thai-cuisine-canggu-delivery/6-C2XAT2N3JN3EDE,4.7,509,Thai; Thai Tea; Curry,,11:00-21:30,no,0,6-C2XAT2N3JN3EDE
Basilico Italiana - Basilico Italiana Pasta and Grilled - Kerobokan Kaja,https://food.grab.com/id/en/restaurant/basilico-italiana-basilico-italiana-pasta-and-grilled-kerobokan-kaja-delivery/6-C7KAN25GEVJXNX,4.5,504,Pasta; Italian; Steak; Wagyu,,08:15-23:59,no,0,6-C7KAN25GEVJXNX
"G Sushi (Poke Bowl, Salmon, Japanese, Wok) - Canggu",https://food.grab.com/id/en/restaurant/g-sushi-poke-bowl-salmon-japanese-wok-canggu-delivery/6-C6TCL73ALFUYLN,4.8,496,Japanese; Sushi; Japanese Dish; Poke Bowl,,00:00-02:30 15:00-23:59,yes,10,6-C6TCL73ALFUYLN
Thai O' Cha -  Kerobokan Kaja,https://food.grab.com/id/en/restaurant/thai-o-cha-kerobokan-kaja-delivery/6-C4BXFCCFCTTXA6,4.7,496,Thai; Pork Dish; Curry; Thai Tea,,10:30-21:30,no,0,6-C4BXFCCFCTTXA6
La Baracca - Canggu,https://food.grab.com/id/en/restaurant/la-baracca-canggu-delivery/6-C6JYCNXJBEBEJE,4.8,490,Italian; Pizza; Coffee; Pasta,,00:00-02:00 11:30-23:59,yes,1,6-C6JYCNXJBEBEJE
Lola’s Cantina Mexicana - Canggu,https://food.grab.com/id/en/restaurant/lola’s-cantina-mexicana-canggu-delivery/6-C6C3WAWWJKVTBA,4.4,480,Mexican; Taco; Burrito,,12:00-23:00,no,0,6-C6C3WAWWJKVTBA
Steak Corner - Canggu,https://food.grab.com/id/en/restaurant/steak-corner-canggu-delivery/6-C7W1LJN3EJ5FGX,4.6,474,Pasta; Western; Steak; Beef Dish,,14:00-23:00,no,0,6-C7W1LJN3EJ5FGX
Louie’s New York Pizza - Canggu,https://food.grab.com/id/en/restaurant/louie’s-new-york-pizza-canggu-delivery/6-C7E1CLL1AFVTMA,4.5,468,Western; Pizza,,00:00-03:00 11:00-23:59,yes,1,6-C7E1CLL1AFVTMA
TYGR Sushi & Ramen - BERAWA,https://food.grab.com/id/en/restaurant/tygr-sushi-ramen-berawa-delivery/6-C3XGTA3FG3L2EJ,4.8,468,Japanese; Sushi; Sashimi,,11:00-22:30,no,0,6-C3XGTA3FG3L2EJ
Cafe Coach - Canggu,https://food.grab.com/id/en/restaurant/cafe-coach-canggu-delivery/6-C2KAAGDXHAECJX,4.9,467,Western; Coffee; Pasta; Salad,,08:00-22:50,yes,1,6-C2KAAGDXHAECJX
Papa Lee's Taiwan Noodle and Dumpling - Tibubeneng,https://food.grab.com/id/en/restaurant/papa-lee-s-taiwan-noodle-and-dumpling-tibubeneng-delivery/6-C6NUEEVJR64VBE,4.7,465,Soup; Chinese; Noodle,,00:00-01:45 10:00-23:59,yes,1,6-C6NUEEVJR64VBE
Thai Kitchen Canggu - Perumahan Canggu Permai,https://food.grab.com/id/en/restaurant/thai-kitchen-canggu-perumahan-canggu-permai-delivery/6-C3VKLPJ2GPEFAE,4.3,463,Thai; Curry; Pad Thai,,11:30-22:00,no,0,6-C3VKLPJ2GPEFAE
DD juice - Kerobokan Kaja,https://food.grab.com/id/en/restaurant/dd-juice-kerobokan-kaja-delivery/6-C4NKGAV1GPEVDE,4.9,460,Juice; Fresh Juice; Indomie,,09:00-23:59,no,0,6-C4NKGAV1GPEVDE
Made's Lucca Pizza - Berawa,https://food.grab.com/id/en/restaurant/made-s-lucca-pizza-berawa-delivery/6-CYMTKA3CLXVVAA,4.7,459,Italian; Pizza,,10:00-21:45,no,0,6-CYMTKA3CLXVVAA
Steak Town - Signature Grilled and Butcher - Kerobokan Kaja,https://food.grab.com/id/en/restaurant/steak-town-signature-grilled-and-butcher-kerobokan-kaja-delivery/6-C7MERAT1T8CWCN,4.4,458,BBQ; Western; Steak; Beef Dish,"Jl. Raya Gadon (Steakghost ,Grilled,Pasta And Burger - Canggu), Kerobokan Kaja, Kuta Utara, Badung, 80361",11:00-23:00,yes,1,6-C7MERAT1T8CWCN
Good Burrito - Tibubeneng,https://food.grab.com/id/en/restaurant/good-burrito-tibubeneng-delivery/6-C3N2J4BWWAAVEE,4.4,448,Mexican; Burrito; Wrap,,00:00-23:59,no,0,6-C3N2J4BWWAAVEE
Masakan Padang Bungo Minang - Tibubeneng,https://food.grab.com/id/en/restaurant/masakan-padang-bungo-minang-tibubeneng-delivery/6-C23XAGMUBFK1V6,4.3,444,Padang; Chicken Dish; Padang Rice; Juice,,00:00-03:00 10:00-23:59,yes,16,6-C23XAGMUBFK1V6
Healthy Friends - Canggu - Canggu,https://food.grab.com/id/en/restaurant/healthy-friends-canggu-canggu-delivery/6-C7EYJXBKG3AUGE,4.9,441,Western; Salad; Wrap; Smoothie,,00:00-23:59,yes,1,6-C7EYJXBKG3AUGE
BANGBANGNOODLES - Jl. Canggu Shorcut,https://food.grab.com/id/en/restaurant/bangbangnoodles-jl-canggu-shorcut-delivery/6-C7LHA4LYJBUUTE,4.5,437,Chinese; Noodle; Fried Dumpling; Black Pepper Beef,,00:00-00:15 12:00-23:59,yes,9,6-C7LHA4LYJBUUTE
Gigi Susu - Canggu,https://food.grab.com/id/en/restaurant/gigi-susu-canggu-delivery/6-C64GAE3TMACBNT,4.7,433,Global; Coffee; Cake,,06:15-21:15,no,0,6-C64GAE3TMACBNT
"Warung Dua Hati - Healthy, Vegan, Canggu - Canggu",https://food.grab.com/id/en/restaurant/warung-dua-hati-healthy-vegan-canggu-canggu-delivery/6-C26YTNU1HGDYWE,4.7,431,Mixed Rice; Smoothie; Vegan Dish,,06:55-22:00,no,0,6-C26YTNU1HGDYWE
Warung Sate Madura Pak Udin - Kerobokan Kelod,https://food.grab.com/id/en/restaurant/warung-sate-madura-pak-udin-kerobokan-kelod-delivery/6-C3ABJLMFN7LTAA,4.6,422,Satay; Chicken Satay; Lamb Dish,,00:00-03:00 18:00-23:59,no,0,6-C3ABJLMFN7LTAA
"Nui Healthy Food (Salad, Protein, Sandwich) - Canggu",https://food.grab.com/id/en/restaurant/nui-healthy-food-salad-protein-sandwich-canggu-delivery/6-C7KUCGM3RREKJT,4.6,418,Western; Salad; Rice,,07:30-21:30,no,0,6-C7KUCGM3RREKJT
Lalapan Ayam Kremes Kemangi - Tibubeneng,https://food.grab.com/id/en/restaurant/lalapan-ayam-kremes-kemangi-tibubeneng-delivery/6-C3DTJ8AHT23KT2,4.5,417,Fried Chicken; Grilled Chicken; Beverage,,10:00-23:59,yes,4,6-C3DTJ8AHT23KT2
Xich Lo Warung Vietnam - Padang Linjong,https://food.grab.com/id/en/restaurant/xich-lo-warung-vietnam-padang-linjong-delivery/6-C2C2HFJEN6MTJ2,4.5,417,Vietnamese; Pho; Banh Mi,,08:00-21:45,no,0,6-C2C2HFJEN6MTJ2
Drink Shop by Beer Bro - Tibubeneng,https://food.grab.com/id/en/restaurant/drink-shop-by-beer-bro-tibubeneng-delivery/6-C2EYVJD1MEBJWE,4.9,410,Korean; Beverage; Fried Chicken; Fried Rice,,00:00-23:59,no,0,6-C2EYVJD1MEBJWE
Ikan Bakar Absolut Canggu - Tibubeneng,https://food.grab.com/id/en/restaurant/ikan-bakar-absolut-canggu-tibubeneng-delivery/6-C33CA7KDNXDCGA,4.2,406,Grilled Fish; Rice Dish,,00:00-23:59,yes,1,6-C33CA7KDNXDCGA
Pizza and Dumplings - Canggu,https://food.grab.com/id/en/restaurant/pizza-and-dumplings-canggu-delivery/6-C4MGT7CXRCCUEJ,4.7,406,Pasta; Western; Pizza; Dumpling,,00:00-04:45 12:00-23:59,no,0,6-C4MGT7CXRCCUEJ
Nourish - Berawa,https://food.grab.com/id/en/restaurant/nourish-berawa-delivery/6-C3W1WAX3RVCJLX,4.7,405,Western; Bakery; Coffee; Salad,,07:00-20:30,no,0,6-C3W1WAX3RVCJLX
Vietnam Bistro By Mama Hanh Canggu - Canggu,https://food.grab.com/id/en/restaurant/vietnam-bistro-by-mama-hanh-canggu-canggu-delivery/6-C4BAR3UYG3E1A2,4.6,402,Vietnamese; Pho; Banh Mi,,08:30-22:15,no,0,6-C4BAR3UYG3E1A2
Indian curry centre - Tibubeneng,https://food.grab.com/id/en/restaurant/indian-curry-centre-tibubeneng-delivery/6-C4NKCZCUN7J1GA,4.3,399,Indian; Curry; Biryani; Paneer,,00:00-23:59,no,0,6-C4NKCZCUN7J1GA
CAFFEINE Brunch Cafe ( All day breakfast) - Berawa,https://food.grab.com/id/en/restaurant/caffeine-brunch-cafe-all-day-breakfast-berawa-delivery/6-C4LVRA4XENXXJN,4.6,396,Crepe; Coffee,,00:00-00:45 07:30-23:59,no,0,6-C4LVRA4XENXXJN
"Registan ( Uzbek Cuisine, Halal ) - Tibubeneng",https://food.grab.com/id/en/restaurant/registan-uzbek-cuisine-halal-tibubeneng-delivery/6-C7DBDFW2L6JGMA,4.6,394,Middle Eastern; Kebab; Rice; Chicken Dish,,10:15-22:30,no,0,6-C7DBDFW2L6JGMA
Culture Cafe - Tibubeneng,https://food.grab.com/id/en/restaurant/culture-cafe-tibubeneng-delivery/6-C7KENUWWBETVUA,4.5,389,Global; Coffee,,06:15-21:50,no,0,6-C7KENUWWBETVUA
Famous Vegetarian Vegan Foodcourt berawa kitchen - Tibubeneng,https://food.grab.com/id/en/restaurant/famous-vegetarian-vegan-foodcourt-berawa-kitchen-tibubeneng-delivery/6-C34JAY2WAKNASA,4.7,377,Pasta; Rice Bowl; Salad,,00:00-23:59,no,0,6-C34JAY2WAKNASA
Teazzi - Canggu,https://food.grab.com/id/en/restaurant/teazzi-canggu-delivery/6-C7TTGX6EJ4M3WA,4.9,375,Beverage; Milk Tea; Tea,,10:00-21:30,no,0,6-C7TTGX6EJ4M3WA
Bar Protein Smoothies - Pererenan,https://food.grab.com/id/en/restaurant/bar-protein-smoothies-pererenan-delivery/6-C7AULVECKECFJX,4.3,370,Western; Smoothie,,06:00-23:59,yes,3,6-C7AULVECKECFJX
Poke Poke Canggu - Canggu,https://food.grab.com/id/en/restaurant/poke-poke-canggu-canggu-delivery/6-CYKCRCLERXTXLX,4.9,364,Global; Poke Bowl; Healthy Salad,,10:00-21:15,no,0,6-CYKCRCLERXTXLX
ShakeUP! Protein Bar - Canggu,https://food.grab.com/id/en/restaurant/shakeup-protein-bar-canggu-delivery/6-C4KDGFMAEEEZGX,4.8,363,Smoothie; Snack; Healthy Salad,,07:00-23:00,yes,3,6-C4KDGFMAEEEZGX
Bali Buda - Canggu,https://food.grab.com/id/en/restaurant/bali-buda-canggu-delivery/6-C7LKTPABGUAZBE,4.8,361,Soup; Pizza,,08:00-21:30,no,0,6-C7LKTPABGUAZBE
"Long Play Cafe (Healthy Breakfast, Coffee, Bowls) - Pererenan",https://food.grab.com/id/en/restaurant/long-play-cafe-healthy-breakfast-coffee-bowls-pererenan-delivery/6-C6DDJ2WVTJBEVE,4.8,354,Australian; Coffee; Chicken Dish; Dessert,,08:00-22:30,no,0,6-C6DDJ2WVTJBEVE
Uncle Kebab - Canggu,https://food.grab.com/id/en/restaurant/uncle-kebab-canggu-delivery/6-C7KVL3UJCPCVLN,4.6,349,Turkish; Kebab; Shawarma; Wrap,,00:00-04:00 09:00-23:59,no,0,6-C7KVL3UJCPCVLN
Don Juan Mexican - Pererenan,https://food.grab.com/id/en/restaurant/don-juan-mexican-pererenan-delivery/6-C3ABN3DYAJUKAJ,4.7,342,Taco; Mexican; Burrito,,09:00-22:45,no,0,6-C3ABN3DYAJUKAJ
"Pasta Licious , Homade Pasta, Grillled, Breakfast, Sandwiches - Kerobokan Kaja",https://food.grab.com/id/en/restaurant/pasta-licious-homade-pasta-grillled-breakfast-sandwiches-kerobokan-kaja-delivery/6-C7C1J2KFR7KERA,4.6,337,BBQ; Italian; Pasta; Steak,,11:00-23:00,yes,1,6-C7C1J2KFR7KERA
"Elmasry Egyptian & Arabic Food, Canggu - Canggu",https://food.grab.com/id/en/restaurant/elmasry-egyptian-arabic-food-canggu-canggu-delivery/6-C6JZCKEDTK2TGN,4.6,336,Arabian; Lamb Dish; Chicken Dish,,12:00-23:59,yes,1,6-C6JZCKEDTK2TGN
"Couple Kitchen, Breakfast, Fresh Juice, Fruit Bowl Bali. - Canggu",https://food.grab.com/id/en/restaurant/couple-kitchen-breakfast-fresh-juice-fruit-bowl-bali-canggu-delivery/6-C6WDFBVFLXCWRJ,4.8,336,Juice; Peruvian; Beverage,,07:00-22:44,no,0,6-C6WDFBVFLXCWRJ
"To the moon cafe - Umalas, Kerobokan Kelod / Jl. Bumbak",https://food.grab.com/id/en/restaurant/to-the-moon-cafe-umalas-kerobokan-kelod-jl-bumbak-delivery/6-C7KEN2BTVKUHN2,4.9,332,Pasta; Western; Poke Bowl; Beef Burger,,00:00-01:45 07:00-23:59,yes,1,6-C7KEN2BTVKUHN2
Just Oats - Berawa,https://food.grab.com/id/en/restaurant/just-oats-berawa-delivery/6-C7DEWE3HCGJWRA,4.6,329,Western; Dessert; Healthy Salad,,06:00-19:45,no,0,6-C7DEWE3HCGJWRA
Ayam Betutu Rahayu - Canggu,https://food.grab.com/id/en/restaurant/ayam-betutu-rahayu-canggu-delivery/6-C24KA351AECEG2,4.5,326,Balinese; Chicken Dish; Smashed Fried Chicken,,06:30-23:30,no,0,6-C24KA351AECEG2
"PIZZA PALMA - Pasta, Sandwich, Italian pizza - Canggu",https://food.grab.com/id/en/restaurant/pizza-palma-pasta-sandwich-italian-pizza-canggu-delivery/6-C7MCTADJPAD1PA,4.9,321,Italian; Pizza; Pasta; Focaccia,,00:00-02:00 08:30-23:59,no,0,6-C7MCTADJPAD1PA
WARUNG PASTO AND SALSA - Canggu,https://food.grab.com/id/en/restaurant/warung-pasto-and-salsa-canggu-delivery/6-C7WZVGCTJ4C3E2,4.7,321,Pasta; Italian; Beef Dish; Steak,,14:00-23:00,no,0,6-C7WZVGCTJ4C3E2
BEER Attack - Kerobokan,https://food.grab.com/id/en/restaurant/beer-attack-kerobokan-delivery/6-C63BN3JDCKCJAJ,5,319,21+ Product,,00:00-23:59,no,0,6-C63BN3JDCKCJAJ
BUBA TEA Healthy Boba and Premium Bubble Tea - Canggu,https://food.grab.com/id/en/restaurant/buba-tea-healthy-boba-and-premium-bubble-tea-canggu-delivery/6-C6WHE6BXSGBXJ2,4.8,318,Beverage; Tea; Oolong Tea,,08:00-22:00,no,0,6-C6WHE6BXSGBXJ2
Casa Eatalia Pasta Italian Delight - Pererenan,https://food.grab.com/id/en/restaurant/casa-eatalia-pasta-italian-delight-pererenan-delivery/6-C22HLAKZHEW3ET,4.8,316,Western; Pasta; Pizza,,10:30-22:00,no,0,6-C22HLAKZHEW3ET
De Morelos Mexicana - Canggu,https://food.grab.com/id/en/restaurant/de-morelos-mexicana-canggu-delivery/6-C64UA8KYAEADAX,4.3,314,Taco; Mexican; Burrito,,00:00-23:59,yes,1,6-C64UA8KYAEADAX
"Cold Pressed Juice, Smoothies & Jamu, Kalaherbs, Canggu - Tibubeneng",https://food.grab.com/id/en/restaurant/cold-pressed-juice-smoothies-jamu-kalaherbs-canggu-tibubeneng-delivery/6-C3BGTYDUPA6BGJ,4.9,312,Southeast Asian; Smoothie; Almond Milk; Celery Juice,,07:00-22:00,no,0,6-C3BGTYDUPA6BGJ
Silk - Canggu,https://food.grab.com/id/en/restaurant/silk-canggu-delivery/6-C7MBEND2AT5BEN,4.9,307,Coffee; Chicken Dish; Beef Dish,,00:00-03:00 09:00-23:59,no,0,6-C7MBEND2AT5BEN
LUIGIS HOT PIZZA - Canggu,https://food.grab.com/id/en/restaurant/luigis-hot-pizza-canggu-delivery/6-C3JCMFJDWAMFL2,4.6,307,Italian; Pizza,,16:00-22:00,no,0,6-C3JCMFJDWAMFL2
Oakberry Acai - Canggu,https://food.grab.com/id/en/restaurant/oakberry-acai-canggu-delivery/6-C6NUEACTNLCGEA,4.8,307,Brazilian; Smoothie; Dessert; Healthy Salad,,08:30-20:20,no,0,6-C6NUEACTNLCGEA
LITTLE TOKYO SUSHI - Canggu,https://food.grab.com/id/en/restaurant/little-tokyo-sushi-canggu-delivery/6-C6ATAVNHNYBCKE,4.7,305,Japanese; Sushi; Sashimi,,13:00-22:00,no,0,6-C6ATAVNHNYBCKE
Protisserie - Protein Dessert- Canggu,https://food.grab.com/id/en/restaurant/protisserie-protein-dessert-canggu-delivery/6-C7VBGAMVKEBUGX,4.7,303,Western; Dessert; Cookie; Ice Cream,,00:00-02:00 08:30-23:59,yes,1,6-C7VBGAMVKEBUGX
"Word Bali (Vegan, Healthy, Breakfast, Lunch, Dinner) - Canggu",https://food.grab.com/id/en/restaurant/word-bali-vegan-healthy-breakfast-lunch-dinner-canggu-delivery/6-C3ETNK6EJXUZRT,4.5,302,Western; Shawarma; Crepe; Wrap,,00:00-23:59,no,0,6-C3ETNK6EJXUZRT
Double Protein Healthy Food - Canggu,https://food.grab.com/id/en/restaurant/double-protein-healthy-food-canggu-delivery/6-C7KTV2MCV3VDKE,4.7,298,Western; Salad,,00:00-04:00 09:00-23:59,yes,1,6-C7KTV2MCV3VDKE
"Murmur Restaurant (Breakfast, Pasta, Salad, Bowl, Healthy), Canggu - Tibubeneng",https://food.grab.com/id/en/restaurant/murmur-restaurant-breakfast-pasta-salad-bowl-healthy-canggu-tibubeneng-delivery/6-C6TJLBXAELLAN6,4.6,290,French; Fried Rice; Poke Bowl,,00:00-00:40 08:00-23:59,yes,1,6-C6TJLBXAELLAN6
SEOUL BBQ - Pererenan,https://food.grab.com/id/en/restaurant/seoul-bbq-pererenan-delivery/6-C3KGBA3FUBTGLT,4.5,290,Chinese; Bento; Beverage; Chicken Dish,,12:00-19:45,yes,2,6-C3KGBA3FUBTGLT
Fuji Fusion Japanese Restaurant - Berawa,https://food.grab.com/id/en/restaurant/fuji-fusion-japanese-restaurant-berawa-delivery/6-C4CJCVLUCNUHBA,4.4,289,Japanese; Sushi; Ramen; Sashimi,,12:00-22:45,no,0,6-C4CJCVLUCNUHBA
Canggu Beer And Liquor (Toko Bahari) - Tibubeneng,https://food.grab.com/id/en/restaurant/canggu-beer-and-liquor-toko-bahari-tibubeneng-delivery/IDGFSTI00002hkm,4.9,288,European; Snack; Fried Chicken,,10:30-23:59,yes,2,IDGFSTI00002hkm
May Bakmi - Canggu,https://food.grab.com/id/en/restaurant/may-bakmi-canggu-delivery/6-C3TVG3JAGYWCFE,4.6,284,Noodle; Chicken Noodle,,10:00-21:00,yes,1,6-C3TVG3JAGYWCFE
ZAI Cafe - Canggu,https://food.grab.com/id/en/restaurant/zai-cafe-canggu-delivery/6-C4KHRNB2CPM2JE,4.7,282,Levantine; Fried Chicken; Coffee,,08:00-22:00,no,0,6-C4KHRNB2CPM2JE
BurnandBone - Pererenan,https://food.grab.com/id/en/restaurant/burnandbone-pererenan-delivery/6-C7T3AFL3JPVTAN,4.7,282,BBQ; Western; Grilled Chicken,,00:00-23:59,no,0,6-C7T3AFL3JPVTAN
Viva Burritos & Fish Tacos - Tibubeneng,https://food.grab.com/id/en/restaurant/viva-burritos-fish-tacos-tibubeneng-delivery/6-CY5XG3WYRPXCTJ,4.7,280,Taco; Mexican; Burrito; Fish Dish,,00:00-23:59,no,0,6-CY5XG3WYRPXCTJ
"Bumi Protein (Healthy, Protein, Kcal, Chicken, Ayam) - Canggu",https://food.grab.com/id/en/restaurant/bumi-protein-healthy-protein-kcal-chicken-ayam-canggu-delivery/6-C7N1LAUTT6DGDE,4.7,278,Grilled Chicken; Fish Dish; Protein Shake,,12:00-23:45,yes,10,6-C7N1LAUTT6DGDE
Eatwell Project - Tibubeneng,https://food.grab.com/id/en/restaurant/eatwell-project-tibubeneng-delivery/6-C7D1CRBKDEDGR6,4.8,276,Meatball; Chicken Dish,,00:00-23:59,no,0,6-C7D1CRBKDEDGR6
Juice Bar Ubud Kitchen - Canggu,https://food.grab.com/id/en/restaurant/juice-bar-ubud-kitchen-canggu-delivery/6-C4JHR2VGN251E6,4.8,276,Juice; Smoothie; Fresh Juice,,06:00-23:00,no,0,6-C4JHR2VGN251E6
Ayam Goreng Mak Dura by Hangry - Kerobokan,https://food.grab.com/id/en/restaurant/ayam-goreng-mak-dura-by-hangry-kerobokan-delivery/6-C72CR4CHA3LYG2,4.6,275,Chicken; Rice; Indonesian,,00:00-23:59,yes,1,6-C72CR4CHA3LYG2
Ai-CHA Ice Cream & Tea - Pantai Berawa Tibubeneng,https://food.grab.com/id/en/restaurant/ai-cha-ice-cream-tea-pantai-berawa-tibubeneng-delivery/6-C4LHNU3UAF6YUA,4.7,275,Ice Cream; Tea; Bubble Milk Tea,,09:40-21:40,no,0,6-C4LHNU3UAF6YUA
Warung Alody - Canggu,https://food.grab.com/id/en/restaurant/warung-alody-canggu-delivery/6-CYKACBVBGK6CBA,4.5,271,Meatball; Seafood Dish,,07:20-22:45,yes,1,6-CYKACBVBGK6CBA
Babi guling buk putra - Jln raya canggu no 23,https://food.grab.com/id/en/restaurant/babi-guling-buk-putra-jln-raya-canggu-no-23-delivery/6-C7KDEBT3GEDZTA,4.8,270,Balinese; Pork Dish,,08:00-22:00,yes,2,6-C7KDEBT3GEDZTA
STEAK HEIRLOOM - Canggu,https://food.grab.com/id/en/restaurant/steak-heirloom-canggu-delivery/6-C7W1NB4FBBWJME,4.7,267,Pasta; Western; Steak; Pesto,,14:00-23:00,no,0,6-C7W1NB4FBBWJME
Italian Pasta 99 - Kerobokan Kaja,https://food.grab.com/id/en/restaurant/italian-pasta-99-kerobokan-kaja-delivery/6-C8AGRBWTN6VFEA,4.8,266,Pasta; Italian; Carbonara; Spaghetti,,00:00-23:59,no,0,6-C8AGRBWTN6VFEA
Charcoal Republic - Arabic Grill - Tibubeneng,https://food.grab.com/id/en/restaurant/charcoal-republic-arabic-grill-tibubeneng-delivery/6-C7VYEGAVNF5JJT,4.6,265,Western; Chicken Dish; Fast Food; Roasted Chicken,,00:00-01:00 14:00-23:59,yes,10,6-C7VYEGAVNF5JJT
Fresh Wine And Spirit - Kerobokan,https://food.grab.com/id/en/restaurant/fresh-wine-and-spirit-kerobokan-delivery/6-C3W2VYDCJZLJRE,4.9,263,21+ Product,,00:00-03:00 09:00-23:59,no,0,6-C3W2VYDCJZLJRE
Favorite smoothie bowl - Tibubeneng,https://food.grab.com/id/en/restaurant/favorite-smoothie-bowl-tibubeneng-delivery/6-C6JUSEJGV62YNX,4.4,260,Global; Smoothie; Fresh Juice; Milkshake,,00:00-23:59,no,0,6-C6JUSEJGV62YNX
"The Cure (Healthy, Breakfast, Protein, Bowl, Wrap) - Canggu",https://food.grab.com/id/en/restaurant/the-cure-healthy-breakfast-protein-bowl-wrap-canggu-delivery/6-C2TCRBJJCTKTE6,4.8,255,Global; Healthy Salad; Vegan Burger; Rice Bowl,,08:30-21:00,no,0,6-C2TCRBJJCTKTE6
ACK - Pererenan,https://food.grab.com/id/en/restaurant/ack-pererenan-delivery/6-C6NYKF2BRTBXAN,4.8,254,Chicken Dish; Fried Chicken,,08:00-22:00,no,0,6-C6NYKF2BRTBXAN
"Hey, Italia! (Pizza, Pasta), Canggu - Jl. Pantai Batu Bolong",https://food.grab.com/id/en/restaurant/hey-italia-pizza-pasta-canggu-jl-pantai-batu-bolong-delivery/6-C7NWCBXTCX5ZNN,4.7,253,Pasta; Italian; Pizza; Pepperoni Pizza,,00:00-07:00 15:00-23:59,yes,2,6-C7NWCBXTCX5ZNN
Warung makan berkah by bu iin - Tibubeneng,https://food.grab.com/id/en/restaurant/warung-makan-berkah-by-bu-iin-tibubeneng-delivery/6-C6TUVPL3J2VAA2,3.9,248,Satay; Fish Dish,,10:00-22:30,yes,2,6-C6TUVPL3J2VAA2
"Helen Smoothies , Breakfast , Fresh Juice, Fruit Bowl.Bali. - Canggu",https://food.grab.com/id/en/restaurant/helen-smoothies-breakfast-fresh-juice-fruit-bowl-bali-canggu-delivery/6-C6WDFBVFSETXCT,4.7,247,Healthy; Breakfast; International,,07:00-22:45,no,0,6-C6WDFBVFSETXCT
Bali Boozy Kitchen and Bar - Batu Belig,https://food.grab.com/id/en/restaurant/bali-boozy-kitchen-and-bar-batu-belig-delivery/6-C2VXUE5VCKEXNX,4.9,245,21+ Product,,07:00-23:59,no,0,6-C2VXUE5VCKEXNX
Nasi Goreng Semat - Tibubeneng,https://food.grab.com/id/en/restaurant/nasi-goreng-semat-tibubeneng-delivery/6-C6BYN6DADEWTKE,4.6,245,Fried Rice,,12:00-23:00,no,0,6-C6BYN6DADEWTKE
BEER BINTANG 24 JAM - Kerobokan,https://food.grab.com/id/en/restaurant/beer-bintang-24-jam-kerobokan-delivery/6-C7KKELJZG7XZV2,5,244,Local Stores,,00:00-23:59,no,0,6-C7KKELJZG7XZV2
Mr Blend Smoothie Bowl and Juice Canggu Permai - Tibubeneng,https://food.grab.com/id/en/restaurant/mr-blend-smoothie-bowl-and-juice-canggu-permai-tibubeneng-delivery/6-C642C4NGEAKKRA,4.9,242,Western; Fresh Juice; Smoothie; Healthy Salad,,07:00-21:00,no,0,6-C642C4NGEAKKRA
M Mart - Canggu CG50 - Kuta Utara,https://food.grab.com/id/en/restaurant/m-mart-canggu-cg50-kuta-utara-delivery/6-C7EUTAECG8LXGA,4.8,237,Minimarket,,00:00-23:59,no,0,6-C7EUTAECG8LXGA
Dian Wine And Spirits - Canggu,https://food.grab.com/id/en/restaurant/dian-wine-and-spirits-canggu-delivery/6-C6BUJPEZNK2BET,4.6,236,21+ Product,,00:00-23:59,no,0,6-C6BUJPEZNK2BET
Xie Xie Boba - Pererenan,https://food.grab.com/id/en/restaurant/xie-xie-boba-pererenan-delivery/6-C2MDVUMENYAXLN,4,234,Chinese; Bubble Milk Tea; Coffee,,12:00-21:00,no,0,6-C2MDVUMENYAXLN
Khao - Canggu,https://food.grab.com/id/en/restaurant/khao-canggu-delivery/6-C6UFC66BAE4HGN,4.7,233,Thai; Pad Thai; Chicken Dish,,11:00-22:00,no,0,6-C6UFC66BAE4HGN
Vegan Nusantara rice bowl - Tibubeneng,https://food.grab.com/id/en/restaurant/vegan-nusantara-rice-bowl-tibubeneng-delivery/6-C6UASFDWTLCCAA,4.8,232,Rice Bowl,,00:00-23:59,no,0,6-C6UASFDWTLCCAA
Es Teler Isty 77 - Tibubeneng,https://food.grab.com/id/en/restaurant/es-teler-isty-77-tibubeneng-delivery/6-CYKACTVCWEBZLJ,4.6,227,Teler; Dessert; Juice,,10:00-22:00,no,0,6-CYKACTVCWEBZLJ
ACK - Tibubeneng,https://food.grab.com/id/en/restaurant/ack-tibubeneng-delivery/6-C4BVAYJEAPEUTN,4.5,224,Chicken Dish; Fried Chicken,,08:00-22:00,no,0,6-C4BVAYJEAPEUTN
Smells Like Wine and Spirits - Tibubeneng,https://food.grab.com/id/en/restaurant/smells-like-wine-and-spirits-tibubeneng-delivery/6-C6XWGJKXNCK2ET,4.9,222,21+ Product,,00:00-23:59,no,0,6-C6XWGJKXNCK2ET
To the Moon Sushi - Kerobokan,https://food.grab.com/id/en/restaurant/to-the-moon-sushi-kerobokan-delivery/6-C7KVNAJ1GA4YMA,4.9,219,Japanese; Japanese Dish; Sushi Roll; Poke Bowl,,00:00-01:45 11:59-23:59,no,0,6-C7KVNAJ1GA4YMA
Thaiphoon - Tibubeneng,https://food.grab.com/id/en/restaurant/thaiphoon-tibubeneng-delivery/6-C6KUL6WXVCKER2,4.6,218,Thai; Curry; Grilled Chicken; Pad Thai,,11:00-21:30,no,0,6-C6KUL6WXVCKER2
Kuns Mart - Canggu,https://food.grab.com/id/en/restaurant/kuns-mart-canggu-delivery/6-C7AKA6CDKFV3TN,5,217,Local Stores,,05:00-23:59,no,0,6-C7AKA6CDKFV3TN
Bubur Ayam Khas Jakarta Bang Yossi - Canggu,https://food.grab.com/id/en/restaurant/bubur-ayam-khas-jakarta-bang-yossi-canggu-delivery/6-C7JEBCMKG74UNJ,4.6,216,Satay; Porridge,,00:00-23:59,no,0,6-C7JEBCMKG74UNJ
Aunty Ji's - Canggu,https://food.grab.com/id/en/restaurant/aunty-ji-s-canggu-delivery/6-C6NXWEV1A6UXUA,4.5,216,Indian; Biryani; Curry; Masala Chicken,,00:00-04:00 12:00-23:00,yes,2,6-C6NXWEV1A6UXUA
Ayam & Bebek Geprek 'OEMGE' - Tibubeneng,https://food.grab.com/id/en/restaurant/ayam-bebek-geprek-oemge-tibubeneng-delivery/6-CY4UWA5WJFWYNJ,4.5,215,Smashed Fried Chicken; Duck Dish,,10:00-22:00,no,0,6-CY4UWA5WJFWYNJ
Nasi Jinggo Pojok Berawa - Tibubeneng,https://food.grab.com/id/en/restaurant/nasi-jinggo-pojok-berawa-tibubeneng-delivery/6-C6TELJJGTLN2VN,4.5,206,Fried Rice; Nasi Lemak; Rice,,06:00-23:00,no,0,6-C6TELJJGTLN2VN
Bebek Bakar Online - Tibubeneng,https://food.grab.com/id/en/restaurant/bebek-bakar-online-tibubeneng-delivery/6-C3KHSBWXJPNVV6,3.5,203,Rice Dish,,00:00-23:59,no,0,6-C3KHSBWXJPNVV6
Blacklist Burger - Tibubeneng,https://food.grab.com/id/en/restaurant/blacklist-burger-tibubeneng-delivery/6-C3U3AJ33HEVVRA,4.2,202,Western; Burger; Fried Chicken,,00:00-23:59,no,0,6-C3U3AJ33HEVVRA
The Shawarma Shack - Tibubeneng,https://food.grab.com/id/en/restaurant/the-shawarma-shack-tibubeneng-delivery/6-C6XGEF2UGLJUHE,4.1,201,Turkish; Beverage; Shawarma,,00:00-23:59,no,0,6-C6XGEF2UGLJUHE
WARUNG BABI GULING RAHAYU - Canggu,https://food.grab.com/id/en/restaurant/warung-babi-guling-rahayu-canggu-delivery/6-C6CAAVLHAUMGNE,4.5,198,Pork Dish,,06:30-23:30,no,0,6-C6CAAVLHAUMGNE
Warung Bu Dewa - Tibubeneng,https://food.grab.com/id/en/restaurant/warung-bu-dewa-tibubeneng-delivery/6-C3TGDEEWGREBJT,4.8,197,Chicken Noodle; Fried Chicken; Fried Rice,,10:00-22:00,no,0,6-C3TGDEEWGREBJT
Almond - Pererenan,https://food.grab.com/id/en/restaurant/almond-pererenan-delivery/6-C3TWA3TKABXFV2,4.7,195,Cake; Coffee; Chicken Dish,,07:00-22:00,no,0,6-C3TWA3TKABXFV2
Protein Bark - Canggu,https://food.grab.com/id/en/restaurant/protein-bark-canggu-delivery/6-C7EYHFJDJAK1RA,4.9,182,Western; Dessert,,00:00-23:59,no,0,6-C7EYHFJDJAK1RA
Bumi Head - Canggu,https://food.grab.com/id/en/restaurant/bumi-head-canggu-delivery/6-C7NHT2C1E2T3VN,4.8,178,Grilled Chicken; Chicken Dish; Fried Rice,,12:00-23:45,yes,2,6-C7NHT2C1E2T3VN
Pasta Papa - Kerobokan,https://food.grab.com/id/en/restaurant/pasta-papa-kerobokan-delivery/6-C7WTAYX3VFKTJ2,4.7,176,Pasta; Italian; Pizza,,00:00-01:00 07:00-23:59,no,0,6-C7WTAYX3VFKTJ2
Coco Express - Batu Mejan,https://food.grab.com/id/en/restaurant/coco-express-batu-mejan-delivery/6-C7NTFF31V7ETLN,4.8,175,Minimarket,,00:00-23:59,no,0,6-C7NTFF31V7ETLN
Pitstop - Canggu,https://food.grab.com/id/en/restaurant/pitstop-canggu-delivery/6-C24GGJWZRRDXA6,4.8,175,Burger; Beef Dish; Sandwich,,00:00-23:59,no,0,6-C24GGJWZRRDXA6
"HookahPlace (Sushi Roll, Poke Bowl, Salad, Burger) - Canggu",https://food.grab.com/id/en/restaurant/hookahplace-sushi-roll-poke-bowl-salad-burger-canggu-delivery/6-C7JZUE5JLXNZEJ,4.9,172,Western; Poke Bowl; Fast Food; Sushi Roll,,10:00-23:59,no,0,6-C7JZUE5JLXNZEJ
Ons Waroeng - Tibubeneng,https://food.grab.com/id/en/restaurant/ons-waroeng-tibubeneng-delivery/6-C2XAJJTTCT5FGX,4.7,172,Fried Rice; Pizza; Chicken Parmesan,,08:00-22:20,no,0,6-C2XAJJTTCT5FGX
Smells Like Wine And Spirits - Tibubeneng,https://food.grab.com/id/en/restaurant/smells-like-wine-and-spirits-tibubeneng-delivery/6-C63UG2JZR3JTT6,4.8,170,Western,,00:00-23:59,no,0,6-C63UG2JZR3JTT6
Nasi goreng wong canggu - Tibubeneng,https://food.grab.com/id/en/restaurant/nasi-goreng-wong-canggu-tibubeneng-delivery/6-C4LVC2LWRGBWTT,4.3,169,Fried Rice; Fried Noodle; Seafood Dish,,10:00-21:00,no,0,6-C4LVC2LWRGBWTT
Nutri - On! Protein healthy café Canggu - Kuta Utara,https://food.grab.com/id/en/restaurant/nutri-on-protein-healthy-cafe-canggu-kuta-utara-delivery/6-C763RKAKSEJJR2,4.7,168,Healthy,,07:40-20:45,yes,1,6-C763RKAKSEJJR2
Saffron Fusion - Canggu,https://food.grab.com/id/en/restaurant/saffron-fusion-canggu-delivery/6-C6UGVP2XCXCDNN,4.6,167,BBQ; Middle Eastern; Beef Tenderloin; Chicken Shawarma,,00:00-02:50 12:00-23:59,no,0,6-C6UGVP2XCXCDNN
Chef Ibu - Canggu,https://food.grab.com/id/en/restaurant/chef-ibu-canggu-delivery/6-C7WHJ3CVKCB3AT,4.6,167,Fried Rice; Fried Noodle,,11:00-21:00,no,0,6-C7WHJ3CVKCB3AT
Warung Varuna - Canggu,https://food.grab.com/id/en/restaurant/warung-varuna-canggu-delivery/6-C3DUMFEXCJXCKA,4.6,163,Fried Rice; Fried Noodle; Fried Chicken,,09:00-20:00,no,0,6-C3DUMFEXCJXCKA
"MR. EGG - Breakfast, Eggs, Burgers, Bagels, Coffee, Juice | Pererenan",https://food.grab.com/id/en/restaurant/mr-egg-breakfast-eggs-burgers-bagels-coffee-juice-pererenan-delivery/6-C7AYVATFN3VJSE,4.6,163,Western; Burger; Coffee; Juice,,00:00-23:59,no,0,6-C7AYVATFN3VJSE
Bottle service 24 hour - Pererenan,https://food.grab.com/id/en/restaurant/bottle-service-24-hour-pererenan-delivery/6-C6EEEZJWECNTEE,4.6,158,Global; Pizza,,00:00-23:59,no,0,6-C6EEEZJWECNTEE
Recovery Cold Pressed Juice & Smoothie Bowl - Tibubeneng,https://food.grab.com/id/en/restaurant/recovery-cold-pressed-juice-smoothie-bowl-tibubeneng-delivery/6-C6BYVPAAECDXVN,3.9,158,Brazilian; Smoothie; Fresh Juice,,06:00-23:59,no,0,6-C6BYVPAAECDXVN
Speed Wine & Spirit - Kerobokan Kelod,https://food.grab.com/id/en/restaurant/speed-wine-spirit-kerobokan-kelod-delivery/6-C6NBSAJDEFUTRT,4.8,155,21+ Product,,00:00-03:00 09:00-23:59,no,0,6-C6NBSAJDEFUTRT
Same Same Thai Street Food - Canggu,https://food.grab.com/id/en/restaurant/same-same-thai-street-food-canggu-delivery/6-C64ZLTDHJYCURN,4.7,152,Thai; Pad Thai; Tom Yum; Mango Sticky Rice,,11:00-20:45,no,0,6-C64ZLTDHJYCURN
"Soil Food Temple Bar (Poke Bowl, Salad and Smooties) - Canggu",https://food.grab.com/id/en/restaurant/soil-food-temple-bar-poke-bowl-salad-and-smooties-canggu-delivery/6-C7JEBCMKE4EGRN,4.8,147,Western; Healthy Salad; Snack; Beverage,,09:00-21:30,no,0,6-C7JEBCMKE4EGRN
Lucky smoothie bowl - Tibubeneng,https://food.grab.com/id/en/restaurant/lucky-smoothie-bowl-tibubeneng-delivery/6-C3UHE7NURXMTNJ,4.3,146,Global; Smoothie; Fresh Juice; Milkshake,,08:00-22:00,no,0,6-C3UHE7NURXMTNJ
Starbucks - The Luc Pantai Berawa,https://food.grab.com/id/en/restaurant/starbucks-the-luc-pantai-berawa-delivery/6-C7W2LPABA7D3DE,4.9,145,Cake; Beverage; Coffee,,07:00-23:00,no,0,6-C7W2LPABA7D3DE
ACAI Lovers Smoothie Bowl - Tibubeneng,https://food.grab.com/id/en/restaurant/acai-lovers-smoothie-bowl-tibubeneng-delivery/6-C6JUR4JVCCL2N6,4.3,144,Global; Smoothie; Fresh Juice; Milkshake,,00:00-23:59,no,0,6-C6JUR4JVCCL2N6
Ayam Bakar Maksu - Canggu,https://food.grab.com/id/en/restaurant/ayam-bakar-maksu-canggu-delivery/6-C74UE24KEUEAEX,4.8,142,Chicken; Indonesian; International,,00:00-23:59,no,0,6-C74UE24KEUEAEX
Mie Ayam Dan Bakso Pak Ilham - Canggu,https://food.grab.com/id/en/restaurant/mie-ayam-dan-bakso-pak-ilham-canggu-delivery/6-C25FDBWWTTNVBA,4.7,141,Chicken Noodle; Meatball,,10:00-21:00,yes,1,6-C25FDBWWTTNVBA
"Suki Roll (Sushi, Healthy Rice Bowl, Juice) - Canggu",https://food.grab.com/id/en/restaurant/suki-roll-sushi-healthy-rice-bowl-juice-canggu-delivery/6-C7JVPAAWGBXTGN,4.9,139,Japanese; Sushi,,11:00-23:00,no,0,6-C7JVPAAWGBXTGN
Pancakes Man Cafe - Pancakes Man Cafe - Canggu,https://food.grab.com/id/en/restaurant/pancakes-man-cafe-pancakes-man-cafe-canggu-delivery/6-C7E1C22CN2BUTJ,3.7,134,Waffle; Pancake,,00:00-23:59,no,0,6-C7E1C22CN2BUTJ
Morning Habit - Kerobokan,https://food.grab.com/id/en/restaurant/morning-habit-kerobokan-delivery/6-C7UDJAXWJ6DWFE,4.4,134,Western; Sandwich; Salad; Burger,,07:30-22:00,no,0,6-C7UDJAXWJ6DWFE
Baz’ar Bistro Bali - Canggu,https://food.grab.com/id/en/restaurant/baz’ar-bistro-bali-canggu-delivery/6-C7D1C7DXGRC1SE,4.6,130,Western; Beef Dish; Shawarma Wrap; Pizza,,00:00-04:00 09:00-23:59,no,0,6-C7D1C7DXGRC1SE
Canggu Juice Bar - Tibubeneng,https://food.grab.com/id/en/restaurant/canggu-juice-bar-tibubeneng-delivery/6-C6N3AP5GGPAAME,4.7,129,Southeast Asian; Juice; Smoothie; Fresh Juice,,07:00-19:45,yes,1,6-C6N3AP5GGPAAME
ENJOY SMOOTHIE BOWL - Tibubeneng,https://food.grab.com/id/en/restaurant/enjoy-smoothie-bowl-tibubeneng-delivery/6-C632TZABGU21V6,4.4,126,Western; Smoothie; Snack; Milkshake,,00:00-23:59,no,0,6-C632TZABGU21V6
Made's Warung - Berawa,https://food.grab.com/id/en/restaurant/made-s-warung-berawa-delivery/6-CZNWTUBDCENZE6,4.7,125,Fried Rice; Satay,,10:00-21:30,no,0,6-CZNWTUBDCENZE6
Falafel House Restaurant - Canggu,https://food.grab.com/id/en/restaurant/falafel-house-restaurant-canggu-delivery/6-C7XFJJTCJXEYTN,4.6,123,Middle Eastern,,12:00-23:59,no,0,6-C7XFJJTCJXEYTN
Wings To Go - Tibubeneng,https://food.grab.com/id/en/restaurant/wings-to-go-tibubeneng-delivery/6-C3T2G8DDL2EXG6,4.3,122,Western; Fried Chicken; Teriyaki; Burger,,00:00-23:59,no,0,6-C3T2G8DDL2EXG6
Salad & juice Arga - Kerobokan Kaja,https://food.grab.com/id/en/restaurant/salad-juice-arga-kerobokan-kaja-delivery/6-C4MDJF6TL8DCJE,5,121,Salad; Juice; Healthy Salad,,09:00-23:59,no,0,6-C4MDJF6TL8DCJE
Healthy Juices and Smoothie Bowls - Kerobokan Kaja,https://food.grab.com/id/en/restaurant/healthy-juices-and-smoothie-bowls-kerobokan-kaja-delivery/6-C6JFCYDYNZEXL2,4.5,120,Western; Fresh Juice; Beverage; Smoothie Bowl,,08:30-23:59,no,0,6-C6JFCYDYNZEXL2
Birds Nest Canggu - Pererenan,https://food.grab.com/id/en/restaurant/birds-nest-canggu-pererenan-delivery/6-C62GEGLKPGJTJE,4.3,120,Thai; Prawn; Salad,,09:00-21:00,no,0,6-C62GEGLKPGJTJE
Italian Pizza & Pasta - Kerobokan Kelod,https://food.grab.com/id/en/restaurant/italian-pizza-pasta-kerobokan-kelod-delivery/6-C8D1GX5KEPN3EX,4.7,119,Italian; Pizza; Pasta,,00:00-04:00 12:30-23:59,yes,1,6-C8D1GX5KEPN3EX
Canggu Mango Sticky Rice - Canggu,https://food.grab.com/id/en/restaurant/canggu-mango-sticky-rice-canggu-delivery/6-C73CACEDC4EKSA,4.7,118,Thai Tea; Dessert; Mango Sticky Rice,,16:00-22:00,no,0,6-C73CACEDC4EKSA
"PRIME KITCHEN (Healthy, Protein, Breakfast) - Tibubeneng",https://food.grab.com/id/en/restaurant/prime-kitchen-healthy-protein-breakfast-tibubeneng-delivery/6-C7VHGYWHC743AT,4.6,117,Chicken Dish; Tuna; Cappuccino,,08:00-21:30,no,0,6-C7VHGYWHC743AT
Warung Tom Kah - Tibubeneng,https://food.grab.com/id/en/restaurant/warung-tom-kah-tibubeneng-delivery/6-C2WUBAN1NJEAVA,4.6,116,Soup; Curry,,10:00-21:00,no,0,6-C2WUBAN1NJEAVA
555 Thai - Kerobokan Kelod,https://food.grab.com/id/en/restaurant/555-thai-kerobokan-kelod-delivery/6-C76FRLKVA32BPA,4.7,114,Thai,"Jl. Pengubengan Kauh No. 9, Kerobokan Kelod, Kuta Utara, Badung. Di Sebelah Mr. King Laundry, 80361",12:00-21:30,no,0,6-C76FRLKVA32BPA
"Original's (Breakfast, Poke Bowl, Crepes, Pasta) - Canggu",https://food.grab.com/id/en/restaurant/original-s-breakfast-poke-bowl-crepes-pasta-canggu-delivery/6-C7CAERA1JCBHJ2,4.7,112,Western; Pasta; Salad; Vegetable Dish,,00:00-23:59,no,0,6-C7CAERA1JCBHJ2
"Tropical Twist, Fresh Juice, And Healthy  - Kerobokan Kaja",https://food.grab.com/id/en/restaurant/tropical-twist-fresh-juice-and-healthy-kerobokan-kaja-delivery/6-C62TJJNETU4JLA,4.6,112,Western; Fresh Juice; Juice; Beverage,,08:30-23:59,no,0,6-C62TJJNETU4JLA
Breezy Smoothie Bowl - Tibubeneng,https://food.grab.com/id/en/restaurant/breezy-smoothie-bowl-tibubeneng-delivery/6-C6JXLAMVFAEYJX,4.1,111,Global; Smoothie; Fresh Juice; Healthy Salad,,06:00-23:59,no,0,6-C6JXLAMVFAEYJX
Bottega Italiana - Canggu,https://food.grab.com/id/en/restaurant/bottega-italiana-canggu-delivery/IDGFSTI00000qva,4.7,110,Western; Pizza; Pasta,,11:00-23:30,yes,1,IDGFSTI00000qva
LOOP Cafe - Pererenan,https://food.grab.com/id/en/restaurant/loop-cafe-pererenan-delivery/6-C73WVRDWAYBXLX,4.8,106,Poke Bowl,,06:00-19:45,yes,1,6-C73WVRDWAYBXLX
Sate Ayam Madura Bu Liya - Tibubeneng,https://food.grab.com/id/en/restaurant/sate-ayam-madura-bu-liya-tibubeneng-delivery/6-C3CVNRLYL24VET,4.8,106,Satay; Chicken Satay; Chicken Dish,,09:40-23:31,yes,1,6-C3CVNRLYL24VET
Usha Cafe and Bakery - Pererenan,https://food.grab.com/id/en/restaurant/usha-cafe-and-bakery-pererenan-delivery/6-C74TCEVBVJJVL2,4.7,106,International; Indonesian; Bakery & Cake,,09:00-21:30,no,0,6-C74TCEVBVJJVL2
"LA Protein Pancakes And Smoothies,- Canggu",https://food.grab.com/id/en/restaurant/la-protein-pancakes-and-smoothies-canggu-delivery/6-C66JGUATEJEVDE,4,105,Western; Pancake; Smoothie,,00:00-23:59,no,0,6-C66JGUATEJEVDE
FRESH FRUITS CAFE - CANGGU,https://food.grab.com/id/en/restaurant/fresh-fruits-cafe-canggu-delivery/6-C7DFCAKWT7EEGJ,4.2,102,Fresh Juice; Smoothie; Pancake,,00:00-23:59,yes,1,6-C7DFCAKWT7EEGJ
The Patty Club - Tibubeneng,https://food.grab.com/id/en/restaurant/the-patty-club-tibubeneng-delivery/6-C7MUNEWCNEKYTN,4.7,102,Western; Fries,,00:00-03:30 09:00-23:59,no,0,6-C7MUNEWCNEKYTN
Hubble Restaurant - Tibubeneng,https://food.grab.com/id/en/restaurant/hubble-restaurant-tibubeneng-delivery/6-C7BCUEDAGB6FBA,4.8,101,Russian; Coffee,,10:00-22:00,no,0,6-C7BCUEDAGB6FBA
Oggi Healty fit - Canggu,https://food.grab.com/id/en/restaurant/oggi-healty-fit-canggu-delivery/6-C7U2DEA2J3A3JE,4.7,97,Western; Healthy Salad; Chicken Chop; Grilled Chicken,,08:00-21:30,no,0,6-C7U2DEA2J3A3JE
Lenny's Espresso & Smoothie Bar - Canggu,https://food.grab.com/id/en/restaurant/lenny-s-espresso-smoothie-bar-canggu-delivery/6-C6T1G2M2TEBURE,4.9,96,Smoothie; Coffee,,06:00-19:30,no,0,6-C6T1G2M2TEBURE
Nasi Goreng Krisna - Tibubeneng,https://food.grab.com/id/en/restaurant/nasi-goreng-krisna-tibubeneng-delivery/6-C7C2DCK2RB5YET,4.4,96,Fried Rice,,11:00-23:00,no,0,6-C7C2DCK2RB5YET
"The Egg Spot (Western Breakfast, Avocado, Healthy Options) - Canggu",https://food.grab.com/id/en/restaurant/the-egg-spot-western-breakfast-avocado-healthy-options-canggu-delivery/6-C65ZA621WBNUPA,4.8,94,Western; Breakfast; Egg Dish; Omelette,,00:00-23:59,no,0,6-C65ZA621WBNUPA
Warung sate pak feby - Canggu,https://food.grab.com/id/en/restaurant/warung-sate-pak-feby-canggu-delivery/6-C6CGAAU3N35UJX,4.4,92,Satay; Chicken Satay; Lamb Dish,,16:00-22:00,yes,2,6-C6CGAAU3N35UJX
SATE PONOROGO - Kerobokan Kelod,https://food.grab.com/id/en/restaurant/sate-ponorogo-kerobokan-kelod-delivery/6-C7WUVYMWAFDXEN,4.8,89,Soup,,00:00-23:59,yes,2,6-C7WUVYMWAFDXEN
Wrap Republic - Kerobokan,https://food.grab.com/id/en/restaurant/wrap-republic-kerobokan-delivery/6-C7WZAYBFT7UJE2,4.6,89,Middle Eastern; Wrap; Sandwich,,07:30-22:00,no,0,6-C7WZAYBFT7UJE2
Crave Burger - Berawa,https://food.grab.com/id/en/restaurant/crave-burger-berawa-delivery/6-C72KRXETAY3WUE,4.7,88,#PesanSekaligus,,00:00-01:45 12:00-23:59,no,0,6-C72KRXETAY3WUE
"Amino Healthy (Breakfast, Protein, Smoothie Bowl)  - Canggu",https://food.grab.com/id/en/restaurant/amino-healthy-breakfast-protein-smoothie-bowl-canggu-delivery/6-C7NBVLEEWF3FJN,5,88,Western; Healthy Salad; Poke Bowl; Fast Food,,12:00-23:30,no,0,6-C7NBVLEEWF3FJN
Habibi Moroccan Taste & Hookah Lounge - Canggu,https://food.grab.com/id/en/restaurant/habibi-moroccan-taste-hookah-lounge-canggu-delivery/6-C6NXR3L2WADZNJ,3.8,87,Northern African; Shawarma; Kebab; BBQ,,12:00-23:30,no,0,6-C6NXR3L2WADZNJ
Mani Mart 2 - Canggu,https://food.grab.com/id/en/restaurant/mani-mart-2-canggu-delivery/6-C7K3LXAVFATBFE,4.9,87,Local Stores,,00:00-00:50 09:00-23:59,no,0,6-C7K3LXAVFATBFE
Alcohol & Beer Mart - Tibubeneng,https://food.grab.com/id/en/restaurant/alcohol-beer-mart-tibubeneng-delivery/6-C6UDCY6VAECGGT,4.9,86,21+ Product,,00:00-23:59,no,0,6-C6UDCY6VAECGGT
Ayam Bakar Prima Rasa  - Tibubeneng,https://food.grab.com/id/en/restaurant/ayam-bakar-prima-rasa-tibubeneng-delivery/6-C4KJLJTTA3CFC6,4.5,84,Chicken Dish; Grilled Chicken; Rice Dish,,00:00-23:59,no,0,6-C4KJLJTTA3CFC6
Warung Lalapan Laris - Canggu,https://food.grab.com/id/en/restaurant/warung-lalapan-laris-canggu-delivery/6-C23KAULDSALEVX,4.5,84,Fried Chicken; Fried Rice; Grilled Fish,,07:00-23:00,yes,2,6-C23KAULDSALEVX
Martabak Terang Bulan Yanuar - Tibubeneng,https://food.grab.com/id/en/restaurant/martabak-terang-bulan-yanuar-tibubeneng-delivery/6-CZMBRTMDAGDUVJ,4.8,82,Apam Balik; Stuffed Pancake,,17:30-23:59,no,0,6-CZMBRTMDAGDUVJ
Sate Madura Bang Jay - Jl. Raya Canggu,https://food.grab.com/id/en/restaurant/sate-madura-bang-jay-jl-raya-canggu-delivery/6-C7LKBA3HHFN1NT,4.7,82,Satay; Chicken Dish,,18:00-23:59,no,0,6-C7LKBA3HHFN1NT
LISSOY LIQUOR MART - Canggu,https://food.grab.com/id/en/restaurant/lissoy-liquor-mart-canggu-delivery/6-C7JDV4L1JKWBV6,4.9,78,Local Stores,,00:00-23:59,no,0,6-C7JDV4L1JKWBV6
Drinking Society - Canggu,https://food.grab.com/id/en/restaurant/drinking-society-canggu-delivery/6-C6ETEN6BLCEWLJ,5,78,Local Stores,,00:00-00:45 10:00-23:59,no,0,6-C6ETEN6BLCEWLJ
Italian Pizza & Pasta - Tumbakbayuh,https://food.grab.com/id/en/restaurant/italian-pizza-pasta-tumbakbayuh-delivery/6-C8DJMBX3LEJAC2,4.8,73,Pasta; Italian; Pizza,,00:00-02:00 15:00-23:59,no,0,6-C8DJMBX3LEJAC2
WARUNG BERAWA - Jl. Pemelisan Agung,https://food.grab.com/id/en/restaurant/warung-berawa-jl-pemelisan-agung-delivery/6-C4KVTGCGGTW1T6,4.4,68,Fried Rice; Fried Chicken,,11:00-21:00,no,0,6-C4KVTGCGGTW1T6
The Barn Bali - Canggu,https://food.grab.com/id/en/restaurant/the-barn-bali-canggu-delivery/6-C72DNE2FAUNYCJ,4.8,68,Western,,09:00-22:45,no,0,6-C72DNE2FAUNYCJ
Heaven Smoothie Bowl - Tibubeneng,https://food.grab.com/id/en/restaurant/heaven-smoothie-bowl-tibubeneng-delivery/6-C6NABBN3TFDYHE,4.6,68,Global; Smoothie; Fresh Juice; Milkshake,,00:00-23:59,no,0,6-C6NABBN3TFDYHE
Slushy Society - Canggu,https://food.grab.com/id/en/restaurant/slushy-society-canggu-delivery/6-C6DHCEEFMFLVR2,4.9,67,Global; Milkshake; Smoothie; Juice,,10:00-22:00,no,0,6-C6DHCEEFMFLVR2
"Morning Mellow (Breakfast, Eggs, Smoothies, Porridge, Protein) - Canggu",https://food.grab.com/id/en/restaurant/morning-mellow-breakfast-eggs-smoothies-porridge-protein-canggu-delivery/6-C7KZAYXHMAA3R2,4.7,66,Smoothie; Healthy Salad,,00:00-04:00 09:00-23:59,no,0,6-C7KZAYXHMAA3R2
Ayam Geprek Sultan Canggu - Tibubeneng,https://food.grab.com/id/en/restaurant/ayam-geprek-sultan-canggu-tibubeneng-delivery/6-C6UECXVHTP3EAJ,4.4,65,Smashed Fried Chicken; Fried Chicken,,10:00-21:00,yes,1,6-C6UECXVHTP3EAJ
Tamarind Waroeng - Canggu,https://food.grab.com/id/en/restaurant/tamarind-waroeng-canggu-delivery/6-C2EVJUXBTUTCLA,5,64,Chicken Dish; Fried Noodle; Fried Rice,,11:15-19:30,no,0,6-C2EVJUXBTUTCLA
WONDERFUL SMOOTHIE BOWL - Tibubeneng,https://food.grab.com/id/en/restaurant/wonderful-smoothie-bowl-tibubeneng-delivery/6-C6TWLBABJKTCEX,4,63,Western; Smoothie; Juice,,00:00-23:59,no,0,6-C6TWLBABJKTCEX
Bottle Of Water In Bulks - Canggu,https://food.grab.com/id/en/restaurant/bottle-of-water-in-bulks-canggu-delivery/6-C7WYVKKCGFDZGT,4.6,59,Pancake,,00:00-23:59,yes,1,6-C7WYVKKCGFDZGT
Santarasa Bali - Tibubeneng,https://food.grab.com/id/en/restaurant/santarasa-bali-tibubeneng-delivery/6-C6T1C7TCFFWXRT,3.7,58,Balinese; Roasted Duck; Dessert,,00:00-23:59,no,0,6-C6T1C7TCFFWXRT
SINAR MART 2 TEGAL SARI - Tibubeneng,https://food.grab.com/id/en/restaurant/sinar-mart-2-tegal-sari-tibubeneng-delivery/6-C36JT8EACXTUBE,5,57,Minimarket,,07:30-22:30,no,0,6-C36JT8EACXTUBE
Laiz coffee - Tibubeneng,https://food.grab.com/id/en/restaurant/laiz-coffee-tibubeneng-delivery/6-C3LJNX6FNJNDSE,4.8,57,Coffee,,07:30-21:30,no,0,6-C3LJNX6FNJNDSE
Mumu Shaokao - Kerobokan,https://food.grab.com/id/en/restaurant/mumu-shaokao-kerobokan-delivery/6-C4LZEBMJEF5VE6,4.2,56,BBQ; Chinese; Pork Dish,,12:30-23:30,yes,1,6-C4LZEBMJEF5VE6
RICE WARUNG - Canggu,https://food.grab.com/id/en/restaurant/rice-warung-canggu-delivery/6-C66TV3MAR7CFG6,4.4,55,Fried Rice; Satay,,13:00-21:30,no,0,6-C66TV3MAR7CFG6
Lupine Mexican Bistro - Canggu,https://food.grab.com/id/en/restaurant/lupine-mexican-bistro-canggu-delivery/6-C4KFUFNBTLJYDA,4.4,55,Taco; Mexican; Burrito,,11:00-21:30,no,0,6-C4KFUFNBTLJYDA
Protein Waffles Bar - Tibubeneng,https://food.grab.com/id/en/restaurant/protein-waffles-bar-tibubeneng-delivery/6-C7C1EGA1GXJEVJ,4.6,54,Western; Waffle; Protein Shake; Sandwich,,00:00-23:59,no,0,6-C7C1EGA1GXJEVJ
SUN BUN CAFE - Canggu,https://food.grab.com/id/en/restaurant/sun-bun-cafe-canggu-delivery/6-C7DFVXC2NNCGCT,4.5,52,Western; Burger; Chicken Dish; Pasta,,08:00-23:00,no,0,6-C7DFVXC2NNCGCT
The Grill Bar. - Kerobokan Kaja,https://food.grab.com/id/en/restaurant/the-grill-bar-kerobokan-kaja-delivery/6-C7X3EN2JBGBXFA,4.8,52,Beverage; Smoothie; Juice,,09:00-23:00,yes,3,6-C7X3EN2JBGBXFA
Jalapeno Canggu - Tibubeneng,https://food.grab.com/id/en/restaurant/jalapeno-canggu-tibubeneng-delivery/6-C7D3V4EHGJAWTJ,4.8,50,Taco; Burrito; Nachos,,11:00-23:00,no,0,6-C7D3V4EHGJAWTJ
Presso (Healthy Juice Bar) - Pererenan,https://food.grab.com/id/en/restaurant/presso-healthy-juice-bar-pererenan-delivery/6-C7TUGPAAA2JTC2,4.5,47,Western; Juice; Smoothie,,00:00-03:30 09:15-23:59,no,0,6-C7TUGPAAA2JTC2
Shawarma Kebab - Berawa,https://food.grab.com/id/en/restaurant/shawarma-kebab-berawa-delivery/6-C7UXLGDUHCBHCN,4.5,40,Arabian; Shawarma; Kebab,,00:00-23:59,no,0,6-C7UXLGDUHCBHCN
Booze bottle service and pizza - Canggu,https://food.grab.com/id/en/restaurant/booze-bottle-service-and-pizza-canggu-delivery/6-C6JDVFEZN3VTNT,3.6,39,Pizza; Burger,,00:00-23:59,no,0,6-C6JDVFEZN3VTNT
JFC BABAKAN - Canggu,https://food.grab.com/id/en/restaurant/jfc-babakan-canggu-delivery/6-C4LUBGKJVJ3UAE,4.3,38,Fried Chicken,,08:00-21:30,no,0,6-C4LUBGKJVJ3UAE
Dolar Ms Spirit Wine Shop - Canggu,https://food.grab.com/id/en/restaurant/dolar-ms-spirit-wine-shop-canggu-delivery/6-C2XKA6DZJVDFAT,5,38,21+ Product,,00:00-23:59,no,0,6-C2XKA6DZJVDFAT
The Blend Bar Smoothies - Kerobokan Kaja,https://food.grab.com/id/en/restaurant/the-blend-bar-smoothies-kerobokan-kaja-delivery/6-C7X3EJWBUA61RJ,5,36,Smoothie,,09:00-23:00,no,0,6-C7X3EJWBUA61RJ
BBQing-Armenian kitchen  - Canggu,https://food.grab.com/id/en/restaurant/bbqing-armenian-kitchen-canggu-delivery/6-C7TKJ73KSCA2RX,4.8,36,BBQ; Western; Shawarma; Kebab,,00:00-02:00 10:00-23:59,yes,1,6-C7TKJ73KSCA2RX
"Chicken Forno - Roastery, Berawa",https://food.grab.com/id/en/restaurant/chicken-forno-roastery-berawa-delivery/6-C8CUJLATC3DKN2,4.5,35,Grilled Chicken,,10:00-23:59,yes,10,6-C8CUJLATC3DKN2
Re.Juve - Tamora Square Canggu,https://food.grab.com/id/en/restaurant/re-juve-tamora-square-canggu-delivery/6-C62XV4EGENL3N6,5,34,Juice; Smoothie; Fresh Juice,,07:00-21:30,no,0,6-C62XV4EGENL3N6
PIMS - Canggu,https://food.grab.com/id/en/restaurant/pims-canggu-delivery/6-C7WDVT3KNLBZTJ,4.5,33,Western; Coffee; Milk Tea,,09:00-20:00,no,0,6-C7WDVT3KNLBZTJ
Wine Tasting Bali - Canggu,https://food.grab.com/id/en/restaurant/wine-tasting-bali-canggu-delivery/6-C7UXNFAVMA63N6,4.8,33,21+ Product,,08:00-23:59,no,0,6-C7UXNFAVMA63N6
"Nasi Tempong Tunggal Rasa ,Canggu - Tibubeneng",https://food.grab.com/id/en/restaurant/nasi-tempong-tunggal-rasa-canggu-tibubeneng-delivery/6-C4MDCYTHFEBVTJ,4.8,31,Javanese; Rice Dish,,00:00-23:59,yes,9,6-C4MDCYTHFEBVTJ
Boost Juice Bars - Aston Canggu,https://food.grab.com/id/en/restaurant/boost-juice-bars-aston-canggu-delivery/6-C75DLVK1VP32KE,4.5,31,Beverages; Healthy; Dessert,,09:00-21:45,no,0,6-C75DLVK1VP32KE
Circle K - Bupda Canggu,https://food.grab.com/id/en/restaurant/circle-k-bupda-canggu-delivery/6-C6KVRAJXJKWASE,5,31,Minimarket,,00:00-23:59,no,0,6-C6KVRAJXJKWASE
"PAN ASIA WOK (POKE, BOWLS, NOODLES) - Kerobokan Kelod",https://food.grab.com/id/en/restaurant/pan-asia-wok-poke-bowls-noodles-kerobokan-kelod-delivery/6-C8B1LJ6GC4MYAN,4.8,31,Poke Bowl; Soup; Rice Dish,,00:00-01:59 08:00-23:59,yes,2,6-C8B1LJ6GC4MYAN
Pizza And Pasta - Canggu,https://food.grab.com/id/en/restaurant/pizza-and-pasta-canggu-delivery/6-C7TFEEDKLE3ZNN,4.7,30,Pasta; Italian; Pizza,,00:00-04:00 09:00-23:59,no,0,6-C7TFEEDKLE3ZNN
One More Protein - Pererenan,https://food.grab.com/id/en/restaurant/one-more-protein-pererenan-delivery/6-C76CTP4FV2WHME,4.8,28,International; Chicken; Beef; Indonesian,,00:00-01:30 08:00-23:59,no,0,6-C76CTP4FV2WHME
Nasi Bebek Mas Bambang - Tibubeneng,https://food.grab.com/id/en/restaurant/nasi-bebek-mas-bambang-tibubeneng-delivery/6-C7VBR7XHC7XJT2,4.4,27,Duck Dish; Fried Chicken,,12:00-23:59,no,0,6-C7VBR7XHC7XJT2
Lokal Butter Fried Rice and Noodle - Lokal Butter Fried Rice And Noodle Canggu,https://food.grab.com/id/en/restaurant/lokal-butter-fried-rice-and-noodle-lokal-butter-fried-rice-and-noodle-canggu-delivery/6-C7D2T2NVJVCDJN,4.2,27,Fried Rice; Fried Noodle; Fried Rice,,00:00-23:59,yes,1,6-C7D2T2NVJVCDJN
Beverage MART - Kerobokan,https://food.grab.com/id/en/restaurant/beverage-mart-kerobokan-delivery/6-C343A6UWAN2YEX,5,26,Indonesian,,00:00-23:59,no,0,6-C343A6UWAN2YEX
HORASS BEER & ALCOHOL CANGGU RAYA - Canggu,https://food.grab.com/id/en/restaurant/horass-beer-alcohol-canggu-raya-canggu-delivery/6-C6UUCFBGTUBFMA,4.9,26,21+ Product,,00:00-23:59,no,0,6-C6UUCFBGTUBFMA
Roman Pizza Berawa - Tibubeneng,https://food.grab.com/id/en/restaurant/roman-pizza-berawa-tibubeneng-delivery/6-C8BKR8JDVJDAAX,5,26,Indonesian; International,,00:00-01:45 17:00-23:59,no,0,6-C8BKR8JDVJDAAX
"CAMPUS Coffee (Breakfast, Bowls, Hot Dogs, Toasts) - Tibubeneng",https://food.grab.com/id/en/restaurant/campus-coffee-breakfast-bowls-hot-dogs-toasts-tibubeneng-delivery/6-C73EWFNETEMDJN,4.8,26,Western; Breakfast; Fast Food; Sandwich,,08:10-19:45,no,0,6-C73EWFNETEMDJN
BURRITO CORNER - Tibubeneng,https://food.grab.com/id/en/restaurant/burrito-corner-tibubeneng-delivery/6-C7WKGECGR4AJC2,3.9,26,Taco; Mexican; Burrito,,00:00-23:59,no,0,6-C7WKGECGR4AJC2
Winestop - Berawa,https://food.grab.com/id/en/restaurant/winestop-berawa-delivery/6-C32TAFXGHE5WDA,5,26,21+ Product,,09:30-22:45,no,0,6-C32TAFXGHE5WDA
House of Chicken - Kerobokan Kelod,https://food.grab.com/id/en/restaurant/house-of-chicken-kerobokan-kelod-delivery/6-C8DXUFXYSEETTJ,4.9,25,Chicken,,10:00-22:00,no,0,6-C8DXUFXYSEETTJ
"Circle Fit (Healthy, Poke Bowl, Eggs, Protein) - Canggu",https://food.grab.com/id/en/restaurant/circle-fit-healthy-poke-bowl-eggs-protein-canggu-delivery/6-C8EFRFMALKAUDE,5,24,Western; Chicken Dish; Egg Dish; Avocado,,09:00-23:59,no,0,6-C8EFRFMALKAUDE
CREPE HOUSE - Babushka Approved  - Canggu,https://food.grab.com/id/en/restaurant/crepe-house-babushka-approved-canggu-delivery/6-C75FA4BBCXU1CJ,4.8,24,Italian; Pastry; Pancake,,09:00-23:30,no,0,6-C75FA4BBCXU1CJ
Sop Kikil Kambing dan Sate Kambing Khas Jakarta Sudi Mampir 7 - Canggu,https://food.grab.com/id/en/restaurant/sop-kikil-kambing-dan-sate-kambing-khas-jakarta-sudi-mampir-7-canggu-delivery/6-C7MXR7M1KBMFCT,4.2,24,Lamb Dish; Cracker; Soup,,17:00-23:59,no,0,6-C7MXR7M1KBMFCT
ABG Ayam Bakar Giyarti - Tibubeneng,https://food.grab.com/id/en/restaurant/abg-ayam-bakar-giyarti-tibubeneng-delivery/6-C3U1L3U1AB3UKE,4.4,22,Grilled Chicken; Chicken Dish; Grilled Chicken,,09:30-21:00,yes,2,6-C3U1L3U1AB3UKE
Beer Store - Tibubeneng,https://food.grab.com/id/en/restaurant/beer-store-tibubeneng-delivery/6-C7EUEAL1A3ATBA,4.2,22,Beer; Western; Beverage,"Btn Canggu Permai, Jl. Karang Suwung No. 999 (Toko Bahari Grosir - Tibubeneng), Tibubeneng, Kuta Utara, Badung, 80361",10:30-23:59,no,0,6-C7EUEAL1A3ATBA
Goodness Juice Canggu - Tibubeneng,https://food.grab.com/id/en/restaurant/goodness-juice-canggu-tibubeneng-delivery/6-C63VJ62BJAUDNX,4.8,22,Western; Smoothie; Yoghurt; Milkshake,,00:00-23:59,no,0,6-C63VJ62BJAUDNX
BETTER BOTTLE - Tibubeneng,https://food.grab.com/id/en/restaurant/better-bottle-tibubeneng-delivery/6-C6WAKEE1BFETME,5,19,21+ Product,,00:00-01:40 11:00-23:59,no,0,6-C6WAKEE1BFETME
Warung Nelayan - Canggu,https://food.grab.com/id/en/restaurant/warung-nelayan-canggu-delivery/6-C6XGA73UNXMBEE,4.9,19,Javanese; Beverage,,10:00-20:00,no,0,6-C6XGA73UNXMBEE
BURA SMOOTHIES BAR - Tibubeneng,https://food.grab.com/id/en/restaurant/bura-smoothies-bar-tibubeneng-delivery/6-C8BVLBTBT25AGA,4.7,18,Middle Eastern; Smoothie; Juice,,08:30-20:10,yes,3,6-C8BVLBTBT25AGA
M Mart - Pantai Berawa CG82,https://food.grab.com/id/en/restaurant/m-mart-pantai-berawa-cg82-delivery/6-C7K1NLM3VTJBGN,4.8,18,Minimarket,,00:00-23:59,no,0,6-C7K1NLM3VTJBGN
"D'J Protein shake, Semer - Kerobokan",https://food.grab.com/id/en/restaurant/d-j-protein-shake-semer-kerobokan-delivery/6-C6WZSEKYG6W3J2,4.3,18,Korean; Fresh Juice; Smoothie; Milkshake,,06:00-22:00,no,0,6-C6WZSEKYG6W3J2
"Asian Kitchen Sushi & Wok by 20/20 (Noodles, Roll) - Canggu",https://food.grab.com/id/en/restaurant/asian-kitchen-sushi-wok-by-20-20-noodles-roll-canggu-delivery/6-C731HEU3AK2WG2,5,18,Western; Spring Roll; Noodle; Pasta,,09:30-23:15,no,0,6-C731HEU3AK2WG2
PADI RESTAURANT & BAR - Canggu,https://food.grab.com/id/en/restaurant/padi-restaurant-bar-canggu-delivery/6-C7D3TX5WEGLAKE,4.8,16,Fried Rice; Pizza; Smoothie,,08:00-21:00,no,0,6-C7D3TX5WEGLAKE
Drink Bottle Shop Canggu Bali - Canggu,https://food.grab.com/id/en/restaurant/drink-bottle-shop-canggu-bali-canggu-delivery/6-C64DJ6BXKFM3RT,5,16,21+ Product,,11:00-23:59,no,0,6-C64DJ6BXKFM3RT
Legends Bistro Bar & Sports - Tibubeneng,https://food.grab.com/id/en/restaurant/legends-bistro-bar-sports-tibubeneng-delivery/6-C6LZCADFJRLHEX,4.7,15,Western; Coffee; Burger; Pizza,,12:00-23:00,no,0,6-C6LZCADFJRLHEX
BANDEJA - Canggu,https://food.grab.com/id/en/restaurant/bandeja-canggu-delivery/6-C6EHNJEXAVJJR6,5,14,Western; Fresh Juice; Smoothie,,11:00-22:00,no,0,6-C6EHNJEXAVJJR6
Coconut and Juicy Semat - Tibubeneng,https://food.grab.com/id/en/restaurant/coconut-and-juicy-semat-tibubeneng-delivery/6-C6XFLU52E8EDLA,5,14,Southeast Asian; Beverage; Juice,,00:00-23:59,no,0,6-C6XFLU52E8EDLA
BALI NUTRITION STORE - Berawa,https://food.grab.com/id/en/restaurant/bali-nutrition-store-berawa-delivery/6-C8CGUCE2REKKMA,5,14,Health & Beauty,,09:00-21:00,no,0,6-C8CGUCE2REKKMA
"FitBox (Breakfast, Healthy, Salmon, Chicken) - Canggu",https://food.grab.com/id/en/restaurant/fitbox-breakfast-healthy-salmon-chicken-canggu-delivery/6-C8DFTXDVL7M1T6,5,14,Western; Salmon; Grilled Chicken; Breakfast,,00:00-23:59,no,0,6-C8DFTXDVL7M1T6
Pad Thai Padel Club House - Pererenan,https://food.grab.com/id/en/restaurant/pad-thai-padel-club-house-pererenan-delivery/6-C8EAVAJAAFXHVN,4.7,13,International,,07:30-22:00,no,0,6-C8EAVAJAAFXHVN
"WASIA (Thai, Vietnam and Western Food) - Canggu",https://food.grab.com/id/en/restaurant/wasia-thai-vietnam-and-western-food-canggu-delivery/6-C7LZACJKWBWJAT,4.8,13,Thai; Pho; Pad Thai,,11:00-22:00,no,0,6-C7LZACJKWBWJAT
Tiny Healthy Family Cafe - Tibubeneng,https://food.grab.com/id/en/restaurant/tiny-healthy-family-cafe-tibubeneng-delivery/6-C72WT6VYA7X3AN,4.8,12,Western; Dessert; Waffle; Burger,,08:30-19:15,no,0,6-C72WT6VYA7X3AN
Canggu Beverage Store - Jl. Karang Suwung,https://food.grab.com/id/en/restaurant/canggu-beverage-store-jl-karang-suwung-delivery/6-C2TCT2VVL8BXLJ,3.7,11,Western; Coffee; Dessert,,10:30-23:59,no,0,6-C2TCT2VVL8BXLJ
KAPITALL - Canggu Raya,https://food.grab.com/id/en/restaurant/kapitall-canggu-raya-delivery/6-C8DEDCLCVLKHUE,5,11,21+ Product,,10:00-19:45,no,0,6-C8DEDCLCVLKHUE
SMOOTHIE D'J - Kerobokan,https://food.grab.com/id/en/restaurant/smoothie-d-j-kerobokan-delivery/6-C6XDNB5HA332LJ,4.5,11,Peruvian; Fresh Juice; Smoothie; Milkshake,,06:00-22:00,no,0,6-C6XDNB5HA332LJ
Cook & Baker - Tibubeneng,https://food.grab.com/id/en/restaurant/cook-baker-tibubeneng-delivery/6-C8AKT6LAGYJDSA,5,11,Russian,,07:30-20:00,no,0,6-C8AKT6LAGYJDSA
Ikan & ayam bakar - Tibubeneng,https://food.grab.com/id/en/restaurant/ikan-ayam-bakar-tibubeneng-delivery/6-C8DGGPUTTRLEJ2,4.7,10,Fish Dish; Grilled Chicken; BBQ,,00:00-23:59,no,0,6-C8DGGPUTTRLEJ2
Lalapan bu heri canggu - Tibubeneng,https://food.grab.com/id/en/restaurant/lalapan-bu-heri-canggu-tibubeneng-delivery/6-C3UCNTTXTUUZRE,4,10,Honey Grilled Chicken; Fried Rice,,09:00-21:00,no,0,6-C3UCNTTXTUUZRE
Tacos Aqui - Kerobokan,https://food.grab.com/id/en/restaurant/tacos-aqui-kerobokan-delivery/6-C8BJRAWZWEKJTT,5,9,Taco; Mexican; Burrito,,11:00-22:30,no,0,6-C8BJRAWZWEKJTT
Frestive Supermarket Pererenan - Mengwi,https://food.grab.com/id/en/restaurant/frestive-supermarket-pererenan-mengwi-delivery/6-C8ECE3KHR7VFRX,4.4,7,Specialty Store,,10:00-21:00,no,0,6-C8ECE3KHR7VFRX
Circle K - Kahyangan Berawa Square,https://food.grab.com/id/en/restaurant/circle-k-kahyangan-berawa-square-delivery/6-C7CDRF2GUGBFRT,3.5,6,Minimarket,,00:00-23:59,no,0,6-C7CDRF2GUGBFRT
Pasta Project Canggu - Kuta Utara,https://food.grab.com/id/en/restaurant/pasta-project-canggu-kuta-utara-delivery/6-C8EZEKBCTF2CR6,4.7,6,Pizza & Pasta,,10:00-21:30,no,0,6-C8EZEKBCTF2CR6
MATA - BERAWA,https://food.grab.com/id/en/restaurant/mata-berawa-delivery/6-C731NFU2SGMDWA,5,5,International,,10:00-21:30,no,0,6-C731NFU2SGMDWA
Breakfast by Hubble - Tibubeneng,https://food.grab.com/id/en/restaurant/breakfast-by-hubble-tibubeneng-delivery/6-C7EZWF2HJYUANJ,5,4,Russian; Coffee; Pastry,,10:00-23:00,no,0,6-C7EZWF2HJYUANJ
Pasta Club - Canggu,https://food.grab.com/id/en/restaurant/pasta-club-canggu-delivery/6-C8EZNPKZJVJGNJ,5,4,Pizza & Pasta,,10:00-21:30,yes,1,6-C8EZNPKZJVJGNJ
Chai Chitai - Canggu,https://food.grab.com/id/en/restaurant/chai-chitai-canggu-delivery/6-C7LFL22UC2VULJ,4.8,4,Tea,,00:00-01:30 09:00-23:59,no,0,6-C7LFL22UC2VULJ
Penyetan Lagi - Tibubeneng,https://food.grab.com/id/en/restaurant/penyetan-lagi-tibubeneng-delivery/6-C753TYBGNPEJPA,5,3,Javanese; Smashed Fried Chicken; Smashed Fried Chicken,,10:30-23:59,no,0,6-C753TYBGNPEJPA
The Hive Doner Kebab - Berawa,https://food.grab.com/id/en/restaurant/the-hive-doner-kebab-berawa-delivery/6-C8DUERJYUAA2SE,5,3,International,,00:00-02:00 12:00-23:59,no,0,6-C8DUERJYUAA2SE
Sate Madura Bang Jay2 - Pererenan,https://food.grab.com/id/en/restaurant/sate-madura-bang-jay2-pererenan-delivery/6-C8BFRGKCTBE2CA,5,3,Satay,,18:00-23:59,no,0,6-C8BFRGKCTBE2CA
"KontenerMart Beer, Wine & Spirits - Berawa",https://food.grab.com/id/en/restaurant/kontenermart-beer-wine-spirits-berawa-delivery/6-C7UDV6ATRKCCNN,5,3,21+ Product,,10:00-22:50,no,0,6-C7UDV6ATRKCCNN
Lalapan Bu yani - Tibubeneng,https://food.grab.com/id/en/restaurant/lalapan-bu-yani-tibubeneng-delivery/6-C8DGFBEWNTEJLE,5,2,Sundanese; Fried Chicken; Smashed Fried Chicken; Fish Dish,,00:00-23:59,no,0,6-C8DGFBEWNTEJLE
ayam bakar sambal ijo - Tibubeneng,https://food.grab.com/id/en/restaurant/ayam-bakar-sambal-ijo-tibubeneng-delivery/6-C8DGGYJWVBKENT,5,2,Chicken,,00:00-23:59,no,0,6-C8DGGYJWVBKENT
lalapan mas harii - Tibubeneng,https://food.grab.com/id/en/restaurant/lalapan-mas-harii-tibubeneng-delivery/6-C8DGGGCCTTACCX,5,2,Fried Chicken,,00:00-23:59,no,0,6-C8DGGGCCTTACCX
JUS BAHAGIA - Tibubeneng,https://food.grab.com/id/en/restaurant/jus-bahagia-tibubeneng-delivery/6-C73GVE6EVJLDL6,5,2,Indonesian; Chicken; Bakso & Soto,,12:00-22:00,no,0,6-C73GVE6EVJLDL6
NASI GORENG by Mr Lu At Berawa's Kitchen - Tibubeneng,https://food.grab.com/id/en/restaurant/nasi-goreng-by-mr-lu-at-berawa-s-kitchen-tibubeneng-delivery/6-C8CDAUJDWFEBN2,4,2,Fried Rice,,00:00-23:59,no,0,6-C8CDAUJDWFEBN2
Semeton Pharmacy - Berawa Raya Semat,https://food.grab.com/id/en/restaurant/semeton-pharmacy-berawa-raya-semat-delivery/6-C8D3ATTUC7DYL2,5,1,Mom & Baby,,09:00-22:30,no,0,6-C8D3ATTUC7DYL2
Chinesefood surabaya. Evis kitchen - Canggu,https://food.grab.com/id/en/restaurant/chinesefood-surabaya-evis-kitchen-canggu-delivery/6-C763AFDTTPN2AT,5,1,Bakso & Soto; Chicken; Indonesian,,13:00-23:30,no,0,6-C763AFDTTPN2AT
Kembali Berawa Restaurant - Tibubeneng,https://food.grab.com/id/en/restaurant/kembali-berawa-restaurant-tibubeneng-delivery/6-C7LYAGKDG64XG6,5,1,Coffee,,07:00-21:30,no,0,6-C7LYAGKDG64XG6
Lalapan Bu Ofan Khas Lombok - Tibubeneng,https://food.grab.com/id/en/restaurant/lalapan-bu-ofan-khas-lombok-tibubeneng-delivery/6-C3CKCRN2WA5VR6,,,Pecel Rice; Fried Chicken; Fried Rice,,10:00-22:00,no,0,6-C3CKCRN2WA5VR6
Last Call - Hot dog  - Berawa,https://food.grab.com/id/en/restaurant/last-call-hot-dog-berawa-delivery/6-C8EEGTN1CA2ERN,,,Western,,00:00-04:00 12:00-23:59,no,0,6-C8EEGTN1CA2ERN
Gente Bali - Berawa,https://food.grab.com/id/en/restaurant/gente-bali-berawa-delivery/6-C8BWVNE3EK62SA,,,Italian; Fish Dish; Pasta; Seafood Dish,,16:50-22:00,no,0,6-C8BWVNE3EK62SA
Melos Cafe/Bar - Jl. Pantai Berawa,https://food.grab.com/id/en/restaurant/melos-cafe-bar-jl-pantai-berawa-delivery/6-C8ABEBAGCRLKTN,,,Coffee; Bubble Milk Tea; Milk Tea,,08:00-22:00,no,0,6-C8ABEBAGCRLKTN
Soto sapi bakso menyama - Tibubeneng,https://food.grab.com/id/en/restaurant/soto-sapi-bakso-menyama-tibubeneng-delivery/6-C8E1BAM3NEKWV2,,,Bakso & Soto; Chicken; Indonesian,,10:00-20:00,no,0,6-C8E1BAM3NEKWV2
Es Teler Cihuy 2 - Kerobokan,https://food.grab.com/id/en/restaurant/es-teler-cihuy-2-kerobokan-delivery/6-C76FRTEENAMUUA,,,Betawi; Cold Dessert,,13:00-21:00,no,0,6-C76FRTEENAMUUA
Dian home caffe - Canggu,https://food.grab.com/id/en/restaurant/dian-home-caffe-canggu-delivery/6-C4MDEBLKAB5XEN,,,Pizza; Cake; Burger,,07:00-23:59,no,0,6-C4MDEBLKAB5XEN
"Buzz Smoothie Bowl, Prerenan - Pererenan",https://food.grab.com/id/en/restaurant/buzz-smoothie-bowl-prerenan-pererenan-delivery/6-C65UTYWDLGAXEJ,,,Western; Coffee; Smoothie; Fresh Juice,,06:00-23:59,no,0,6-C65UTYWDLGAXEJ
The Jangkar ( J 'Warung ) - Canggu,https://food.grab.com/id/en/restaurant/the-jangkar-j-warung-canggu-delivery/6-C4KBT2UWTX22WA,,,Global; Fresh Juice; Coffee; Smoothie,,07:30-20:00,no,0,6-C4KBT2UWTX22WA
Lentara Cafe - Tibubeneng,https://food.grab.com/id/en/restaurant/lentara-cafe-tibubeneng-delivery/6-C7WFMBNYGX6CEA,,,Juice; Tea; Beverage,,07:30-22:30,no,0,6-C7WFMBNYGX6CEA
Warung Sunshine Berawa - Tibubeneng,https://food.grab.com/id/en/restaurant/warung-sunshine-berawa-tibubeneng-delivery/6-C3BARKWWDGLACA,,,Italian; Burger; Coffee; Pizza,,08:30-22:30,no,0,6-C3BARKWWDGLACA
Nor Wrap - Canggu,https://food.grab.com/id/en/restaurant/nor-wrap-canggu-delivery/6-C8EBTJUAG7TVEA,,,Healthy,,16:00-22:00,no,0,6-C8EBTJUAG7TVEA
Wisteria Brunch Canggu - Kuta Utara,https://food.grab.com/id/en/restaurant/wisteria-brunch-canggu-kuta-utara-delivery/6-C8EJGRB1T2U2G6,,,Western; Salad; Breakfast; Burger,,11:00-21:00,no,0,6-C8EJGRB1T2U2G6
Rebo Pork Ribs - Kerobokan,https://food.grab.com/id/en/restaurant/rebo-pork-ribs-kerobokan-delivery/6-C8EJRPCDVBLFDE,,,Pork,,17:30-22:30,yes,2,6-C8EJRPCDVBLFDE
Wr.barokah sate ayam pak haji - Jl. Raya Kerobokan,https://food.grab.com/id/en/restaurant/wr-barokah-sate-ayam-pak-haji-jl-raya-kerobokan-delivery/6-C76VAPE2GBJXCT,,,Chicken Satay; Lontong; Chicken Soto,,14:10-23:59,yes,1,6-C76VAPE2GBJXCT
Sate taichan jakarta - Tibubeneng,https://food.grab.com/id/en/restaurant/sate-taichan-jakarta-tibubeneng-delivery/6-C8DDMF6XTJN3NE,,,Satay,,17:00-23:00,no,0,6-C8DDMF6XTJN3NE
MILO PETSHOP - Tibubeneng,https://food.grab.com/id/en/restaurant/milo-petshop-tibubeneng-delivery/6-C8JHJ4A1GRJHMA,,,Specialty Store,,08:00-19:30,no,0,6-C8JHJ4A1GRJHMA
Taco Madre - Canggu,https://food.grab.com/id/en/restaurant/taco-madre-canggu-delivery/6-C8ECJLK1GNLVTA,,,Beef,,12:15-19:45,no,0,6-C8ECJLK1GNLVTA
Healthy Vegan Smoothie bowl - Tibubeneng,https://food.grab.com/id/en/restaurant/healthy-vegan-smoothie-bowl-tibubeneng-delivery/6-C4EJA6BBEX23RJ,,,Global; Smoothie; Healthy Salad,,06:00-23:59,no,0,6-C4EJA6BBEX23RJ
